timestamp,run_id,cpu_user_pct,cpu_system_pct,cpu_idle_pct,context_switch_rate,interrupt_rate,load_avg_1m,ram_used_mb,ram_free_mb,swap_used_mb,total_process_count,total_thread_count,high_cpu_process_count,top_process_cpu_pct,top_process_uptime_sec,packets_recv_per_sec,packets_sent_per_sec,tcp_connection_count,failed_connection_attempts,unique_dst_port_count,packet_drop_rate,is_attack,is_legitimate_peak,attack_type,system_phase,pi_ram_used_mb,pi_ram_free_mb
2026-01-28T14:22:03.838685,4,0.14,0.14,99.71,232,305,0.12,1500.82,2415.01,0.0,13,26,0,0,0,0,0,13,0,1,0,0,1,none,onset,352.61,567.39
2026-01-28T14:22:05.201913,4,1.77,0.59,97.64,447,772,0.12,1501.67,2414.15,0.0,13,26,0,0,0,928,928,13,0,1,0,0,1,none,onset,352.81,567.19
2026-01-28T14:22:06.239032,4,2.04,0.51,97.45,443,568,0.11,1506.73,2409.09,0.0,13,26,0,0,0,928,928,13,0,1,0,0,1,none,onset,354.00,566.00
2026-01-28T14:22:07.448323,4,3.33,1.11,95.57,526,968,0.11,1508.2,2407.62,0.0,13,26,0,0,0,928,928,13,0,1,0,0,1,none,onset,354.34,565.66
2026-01-28T14:22:08.708061,4,2.68,0.62,96.7,374,839,0.11,1508.2,2407.62,0.0,13,26,0,0,0,928,928,13,0,1,0,0,1,none,onset,354.34,565.66
2026-01-28T14:22:10.225721,4,2.22,0.51,97.26,472,884,0.11,1510.2,2405.62,0.0,13,26,0,0,0,928,928,13,0,1,0,0,1,none,onset,354.81,565.19
2026-01-28T14:22:12.710774,4,0.87,0.44,98.69,775,1271,0.18,1501.91,2413.91,0.0,13,26,0,0,0,1954,1954,13,0,1,0,0,1,none,onset,352.87,567.13
2026-01-28T14:22:13.887641,4,3.31,0.66,96.03,401,929,0.18,1503.91,2411.92,0.0,13,26,0,0,0,928,928,13,0,1,0,0,1,none,onset,353.33,566.67
2026-01-28T14:22:15.257360,4,2.49,0.77,96.74,517,943,0.18,1506.61,2409.21,0.0,13,26,0,0,0,928,928,13,0,1,0,0,1,none,onset,353.97,566.03
2026-01-28T14:22:16.896768,4,2.11,0.49,97.4,700,1231,0.17,1496.75,2419.08,0.0,13,26,0,0,0,928,928,13,0,1,0,0,1,none,onset,351.65,568.35
2026-01-28T14:22:18.018656,4,2.53,0.46,97.01,263,586,0.17,1497.32,2418.5,0.0,13,26,0,0,0,970,970,13,0,1,0,0,1,none,onset,351.79,568.21
2026-01-28T14:22:19.382307,4,0.78,0.2,99.02,281,559,0.17,1498.11,2417.71,0.0,13,26,0,0,0,928,928,13,0,1,0,0,1,none,onset,351.97,568.03
2026-01-28T14:22:20.403658,4,1.02,0.26,98.72,205,388,0.17,1498.11,2417.71,0.0,13,26,0,0,0,928,928,13,0,1,0,0,1,none,onset,351.97,568.03
2026-01-28T14:22:21.589152,4,0.89,0.22,98.89,268,582,0.23,1494.36,2421.46,0.0,13,26,0,0,0,928,928,13,0,1,0,0,1,none,onset,351.09,568.91
2026-01-28T14:22:22.752014,4,6.0,1.39,92.61,654,1545,0.23,1492.57,2423.26,0.0,13,26,0,0,0,1026,1026,13,0,1,0,0,1,none,onset,350.67,569.33
2026-01-28T14:22:23.809840,4,1.0,0.0,99.0,192,360,0.23,1497.89,2417.93,0.0,13,26,0,0,0,928,928,13,0,1,0,0,1,none,onset,351.92,568.08
2026-01-28T14:22:24.986543,4,0.88,0.22,98.89,223,323,0.23,1495.41,2420.42,0.0,13,26,0,0,0,824,824,13,0,1,0,0,1,none,onset,351.34,568.66
2026-01-28T14:22:26.193133,4,1.11,0.44,98.45,411,731,0.21,1499.53,2416.3,0.0,13,26,0,0,0,1032,1032,13,0,1,0,0,1,none,onset,352.31,567.69
2026-01-28T14:22:27.327021,4,2.78,0.69,96.53,364,710,0.21,1502.52,2413.3,0.0,13,26,0,0,0,0,0,13,0,1,0,0,1,none,onset,353.01,566.99
2026-01-28T14:22:28.345871,4,2.04,0.26,97.7,246,480,0.21,1501.45,2414.38,0.0,13,26,0,0,0,970,970,13,0,1,0,0,1,none,onset,352.76,567.24
2026-01-28T14:22:29.371928,4,2.59,0.52,96.89,387,892,0.21,1497.31,2418.51,0.0,13,26,0,0,0,928,928,13,0,1,0,0,1,none,onset,351.78,568.22
2026-01-28T14:22:30.398862,4,3.15,0.79,96.06,382,801,0.21,1499.52,2416.3,0.0,13,26,0,0,0,928,928,13,0,1,0,0,1,none,onset,352.30,567.70
2026-01-28T14:22:31.429409,4,2.8,0.76,96.44,328,646,0.2,1497.72,2418.1,0.0,13,26,0,0,0,928,928,13,0,1,0,0,1,none,onset,351.88,568.12
2026-01-28T14:22:32.468226,4,1.5,0.25,98.25,203,378,0.2,1497.72,2418.1,0.0,13,26,0,0,0,0,0,13,0,1,0,0,1,none,onset,351.88,568.12
2026-01-28T14:22:33.502200,4,0.0,0.0,100.0,82,181,0.2,1497.87,2417.96,0.0,13,26,0,0,0,0,0,13,0,1,0,0,1,none,onset,351.92,568.08
2026-01-28T14:22:34.537806,4,0.25,0.25,99.5,102,256,0.2,1497.87,2417.96,0.0,13,26,0,0,0,0,0,13,0,1,0,0,1,none,onset,351.92,568.08
2026-01-28T14:22:35.575407,4,0.79,0.26,98.95,202,506,0.2,1493.96,2421.86,0.0,13,26,0,0,0,1026,1026,13,0,1,0,0,1,none,onset,351.00,569.00
2026-01-28T14:22:36.610143,4,3.54,1.26,95.2,430,1051,0.18,1494.84,2420.99,0.0,13,26,0,0,0,928,928,13,0,1,0,0,1,none,onset,351.20,568.80
2026-01-28T14:22:37.650250,4,4.91,0.78,94.32,449,1069,0.18,1498.24,2417.58,0.0,13,26,0,0,0,928,928,13,0,1,0,0,1,none,onset,352.00,568.00
2026-01-28T14:22:38.684085,4,0.0,0.0,100.0,93,241,0.18,1498.24,2417.58,0.0,13,26,0,0,0,0,0,13,0,1,0,0,1,none,onset,352.00,568.00
2026-01-28T14:22:39.713128,4,3.3,0.76,95.94,344,778,0.18,1502.44,2413.38,0.0,13,26,0,0,0,928,928,13,0,1,0,0,1,none,onset,352.99,567.01
2026-01-28T14:22:40.743108,4,0.52,0.26,99.22,263,343,0.17,1492.06,2423.77,0.0,13,26,0,0,0,928,928,13,0,1,0,0,1,none,onset,350.55,569.45
2026-01-28T14:22:41.772282,4,0.52,0.26,99.23,196,413,0.17,1486.01,2429.81,0.0,13,26,0,0,0,928,928,13,0,1,0,0,1,none,onset,349.13,570.87
2026-01-28T14:22:42.795399,4,2.57,0.77,96.66,336,832,0.17,1492.92,2422.91,0.0,13,26,0,0,0,0,0,13,0,1,0,0,1,none,onset,350.75,569.25
2026-01-28T14:22:43.827174,4,3.28,0.25,96.46,266,744,0.17,1501.71,2414.12,0.0,13,26,0,0,0,928,928,13,0,1,0,0,1,none,onset,352.82,567.18
2026-01-28T14:22:44.864757,4,2.06,0.52,97.42,249,533,0.17,1487.42,2428.41,0.0,13,26,0,0,0,928,1026,13,0,1,0,0,1,none,onset,349.46,570.54
2026-01-28T14:22:45.886502,4,1.01,0.5,98.49,234,524,0.15,1491.66,2424.16,0.0,13,26,0,0,0,98,0,13,0,1,0,0,1,none,onset,350.46,569.54
2026-01-28T14:22:46.915818,4,2.56,0.26,97.19,377,725,0.15,1493.39,2422.44,0.0,13,26,0,0,0,928,928,13,0,1,0,0,1,none,onset,350.86,569.14
2026-01-28T14:22:47.944957,4,1.87,0.8,97.33,390,892,0.15,1485.32,2430.51,0.0,13,26,0,0,0,928,928,13,0,1,0,0,1,none,onset,348.97,571.03
2026-01-28T14:22:48.972033,4,3.77,0.75,95.48,378,629,0.15,1485.45,2430.38,0.0,13,26,0,0,0,928,928,13,0,1,0,0,1,none,onset,349.00,571.00
2026-01-28T14:22:50.313555,4,1.95,0.59,97.46,381,859,0.15,1495.41,2420.41,0.0,13,26,0,0,0,928,928,13,0,1,0,0,1,none,onset,351.34,568.66
2026-01-28T14:22:51.501792,4,0.0,0.0,100.0,124,226,0.14,1495.41,2420.41,0.0,13,26,0,0,0,0,0,13,0,1,0,0,1,none,onset,351.34,568.66
2026-01-28T14:22:52.700161,4,3.05,0.65,96.3,379,790,0.14,1495.56,2420.27,0.0,13,26,0,0,0,928,928,13,0,1,0,0,1,none,onset,351.37,568.63
2026-01-28T14:22:53.932202,4,4.47,0.64,94.89,457,1098,0.14,1495.9,2419.92,0.0,13,24,0,0,0,928,928,13,0,1,0,0,1,none,onset,351.45,568.55
2026-01-28T14:22:55.467893,4,2.02,0.17,97.81,292,675,0.14,1489.62,2426.21,0.0,13,26,0,0,0,928,928,13,0,1,0,0,1,none,onset,349.98,570.02
2026-01-28T14:22:56.502222,4,4.62,1.03,94.36,405,888,0.21,1495.34,2420.48,0.0,13,26,0,0,0,1026,1026,13,0,1,0,0,1,none,onset,351.32,568.68
2026-01-28T14:22:57.855861,4,0.97,0.39,98.64,275,538,0.21,1501.06,2414.76,0.0,13,26,0,0,0,928,928,13,0,1,0,0,1,none,onset,352.67,567.33
2026-01-28T14:22:58.902339,4,4.59,1.28,94.13,545,1087,0.21,1498.99,2416.83,0.0,13,26,0,0,0,928,928,13,0,1,0,0,1,none,onset,352.18,567.82
2026-01-28T14:22:59.983204,4,0.74,0.0,99.26,293,580,0.21,1501.03,2414.79,0.0,13,26,0,0,0,928,928,13,0,1,0,0,1,none,onset,352.66,567.34
2026-01-28T14:23:01.014021,4,5.97,1.56,92.47,647,1397,0.19,1504.19,2411.63,0.0,13,26,0,0,0,928,928,13,0,1,0,0,1,none,onset,353.40,566.60
2026-01-28T14:23:02.040199,4,1.01,0.75,98.24,268,482,0.19,1500.29,2415.54,0.0,13,26,0,0,0,0,0,13,0,1,0,0,1,none,onset,352.48,567.52
2026-01-28T14:23:03.071794,4,2.99,0.25,96.76,225,624,0.19,1500.29,2415.54,0.0,13,26,0,0,0,928,928,13,0,1,0,0,1,none,onset,352.48,567.52
2026-01-28T14:23:04.101947,4,2.16,0.27,97.57,407,981,0.19,1492.09,2423.73,0.0,13,26,0,0,0,928,928,13,0,1,0,0,1,none,onset,350.56,569.44
2026-01-28T14:23:05.168969,4,0.24,0.24,99.52,105,194,0.19,1492.15,2423.68,0.0,13,26,0,0,0,0,0,13,0,1,0,0,1,none,onset,350.57,569.43
2026-01-28T14:23:06.192524,4,5.09,0.76,94.15,377,807,0.18,1495.01,2420.82,0.0,13,26,0,0,0,1026,1026,13,0,1,0,0,1,none,onset,351.24,568.76
2026-01-28T14:23:07.360003,4,0.91,0.45,98.64,296,863,0.18,1497.7,2418.12,0.0,13,26,0,0,0,928,928,13,0,1,0,0,1,none,onset,351.88,568.12
2026-01-28T14:23:08.456227,4,0.95,0.24,98.81,240,519,0.18,1501.15,2414.67,0.0,13,26,0,0,0,0,0,13,0,1,0,0,1,none,onset,352.69,567.31
2026-01-28T14:23:09.481064,4,3.84,0.77,95.4,355,754,0.18,1503.25,2412.58,0.0,13,26,0,0,0,928,928,13,0,1,0,0,1,none,onset,353.18,566.82
2026-01-28T14:23:10.513125,4,0.79,0.26,98.95,362,585,0.18,1504.82,2411.0,0.0,13,26,0,0,0,928,928,13,0,1,0,0,1,none,onset,353.55,566.45
2026-01-28T14:23:11.535497,4,2.81,0.51,96.68,286,593,0.16,1509.66,2406.16,0.0,13,26,0,0,0,970,970,13,0,1,0,0,1,none,onset,354.69,565.31
2026-01-28T14:23:12.557038,4,0.75,0.25,99.0,130,383,0.16,1509.66,2406.16,0.0,13,26,0,0,0,0,0,13,0,1,0,0,1,none,onset,354.69,565.31
2026-01-28T14:23:13.586295,4,2.55,0.51,96.94,213,659,0.16,1510.32,2405.5,0.0,13,26,0,0,0,928,928,13,0,1,0,0,1,none,onset,354.84,565.16
2026-01-28T14:23:14.618311,4,2.88,0.52,96.6,355,764,0.16,1498.23,2417.59,0.0,13,26,0,0,0,928,928,13,0,1,0,0,1,none,onset,352.00,568.00
2026-01-28T14:23:15.658807,4,1.02,0.25,98.73,282,440,0.15,1507.95,2407.87,0.0,13,26,0,0,0,928,928,13,0,1,0,0,1,none,onset,354.28,565.72
2026-01-28T14:23:16.697505,4,4.62,0.77,94.62,447,878,0.15,1503.39,2412.43,0.0,13,26,0,0,0,1026,1026,13,0,1,0,0,1,none,onset,353.21,566.79
2026-01-28T14:23:17.731966,4,2.07,0.26,97.67,426,780,0.15,1507.39,2408.43,0.0,13,26,0,0,0,928,928,13,0,1,0,0,1,none,onset,354.15,565.85
2026-01-28T14:23:18.768562,4,0.0,0.0,100.0,102,268,0.15,1507.39,2408.43,0.0,13,26,0,0,0,0,0,13,0,1,0,0,1,none,onset,354.15,565.85
2026-01-28T14:23:19.796929,4,2.15,0.81,97.04,468,1107,0.15,1506.94,2408.88,0.0,13,26,0,0,0,928,928,13,0,1,0,0,1,none,onset,354.05,565.95
2026-01-28T14:23:20.823605,4,3.31,0.51,96.18,294,722,0.14,1504.53,2411.29,0.0,13,26,0,0,0,928,928,13,0,1,0,0,1,none,onset,353.48,566.52
2026-01-28T14:23:21.856277,4,0.53,0.53,98.95,430,803,0.14,1501.04,2414.79,0.0,13,26,0,0,0,970,970,13,0,1,0,0,1,none,onset,352.66,567.34
2026-01-28T14:23:22.883090,4,2.58,0.52,96.9,313,781,0.14,1497.25,2418.57,0.0,13,26,0,0,0,928,928,13,0,1,0,0,1,none,onset,351.77,568.23
2026-01-28T14:23:23.911873,4,0.25,0.0,99.75,94,243,0.14,1497.25,2418.57,0.0,13,26,0,0,0,0,0,13,0,1,0,0,1,none,onset,351.77,568.23
2026-01-28T14:23:24.944221,4,0.26,0.26,99.48,233,277,0.14,1501.5,2414.33,0.0,13,26,0,0,0,928,928,13,0,1,0,0,1,none,onset,352.77,567.23
2026-01-28T14:23:25.983077,4,4.63,0.77,94.6,465,1059,0.21,1500.59,2415.23,0.0,13,26,0,0,0,928,928,13,0,1,0,0,1,none,onset,352.56,567.44
2026-01-28T14:23:27.027016,4,1.56,0.26,98.18,295,575,0.21,1503.29,2412.54,0.0,13,26,0,0,0,1026,1026,13,0,1,0,0,1,none,onset,353.19,566.81
2026-01-28T14:23:28.055794,4,0.78,0.78,98.44,261,563,0.21,1503.63,2412.19,0.0,13,26,0,0,0,928,928,13,0,1,0,0,1,none,onset,353.27,566.73
2026-01-28T14:23:29.088414,4,0.5,0.0,99.5,125,321,0.21,1503.63,2412.2,0.0,13,26,0,0,0,0,0,13,0,1,0,0,1,none,onset,353.27,566.73
2026-01-28T14:23:30.124661,4,2.79,0.51,96.7,306,839,0.21,1510.93,2404.89,0.0,13,26,0,0,0,928,928,13,0,1,0,0,1,none,onset,354.98,565.02
2026-01-28T14:23:31.156430,4,5.09,1.34,93.57,619,1218,0.27,1508.43,2407.39,0.0,13,26,0,0,0,928,928,13,0,1,0,0,1,none,onset,354.40,565.60
2026-01-28T14:23:32.186419,4,2.31,0.51,97.17,354,594,0.27,1512.43,2403.39,0.0,13,26,0,0,0,928,928,13,0,1,0,0,1,none,onset,355.34,564.66
2026-01-28T14:23:33.217178,4,0.52,0.26,99.23,222,429,0.27,1505.43,2410.39,0.0,13,26,0,0,0,928,928,13,0,1,0,0,1,none,onset,353.69,566.31
2026-01-28T14:23:34.246601,4,2.06,0.51,97.43,329,648,0.27,1509.58,2406.25,0.0,13,26,0,0,0,928,928,13,0,1,0,0,1,none,onset,354.67,565.33
2026-01-28T14:23:35.264648,4,0.0,0.25,99.75,169,408,0.27,1509.58,2406.25,0.0,13,26,0,0,0,0,0,13,0,1,0,0,1,none,onset,354.67,565.33
2026-01-28T14:23:36.309497,4,3.12,0.78,96.1,486,1209,0.25,1509.81,2406.01,0.0,13,26,0,0,0,928,928,13,0,1,0,0,1,none,onset,354.72,565.28
2026-01-28T14:23:38.184652,4,0.0,0.0,100.0,140,243,0.25,1505.81,2410.01,0.0,13,26,0,0,0,0,0,13,0,1,0,0,1,none,onset,353.78,566.22
2026-01-28T14:23:39.212622,4,1.84,0.79,97.38,379,487,0.25,1509.81,2406.01,0.0,13,26,0,0,0,1026,1026,13,0,1,0,0,1,none,onset,354.72,565.28
2026-01-28T14:23:40.240300,4,0.0,0.0,100.0,155,92,0.25,1509.81,2406.01,0.0,13,26,0,0,0,0,0,13,0,1,0,0,1,none,onset,354.72,565.28
2026-01-28T14:23:41.271628,4,1.61,0.27,98.12,575,708,0.23,1511.26,2404.57,0.0,13,26,0,0,0,928,928,13,0,1,0,0,1,none,onset,355.06,564.94
2026-01-28T14:23:42.303557,4,2.81,0.51,96.68,449,728,0.23,1505.33,2410.5,0.0,13,26,0,0,0,928,928,13,0,1,0,0,1,none,onset,353.67,566.33
2026-01-28T14:23:43.342921,4,2.26,0.25,97.49,272,479,0.23,1509.08,2406.74,0.0,13,26,0,0,0,928,928,13,0,1,0,0,1,none,onset,354.55,565.45
2026-01-28T14:23:44.373559,4,0.52,0.26,99.22,310,387,0.23,1505.2,2410.62,0.0,13,26,0,0,0,928,928,13,0,1,0,0,1,none,onset,353.64,566.36
2026-01-28T14:23:45.403551,4,0.25,0.0,99.75,151,416,0.23,1504.86,2410.97,0.0,13,26,0,0,0,0,0,13,0,1,0,0,1,none,onset,353.56,566.44
2026-01-28T14:23:46.432065,4,5.44,1.55,93.01,529,1273,0.21,1501.25,2414.57,0.0,13,26,0,0,0,928,928,13,0,1,0,0,1,none,onset,352.71,567.29
2026-01-28T14:23:47.470838,4,3.51,1.25,95.24,334,818,0.21,1504.35,2411.48,0.0,13,26,0,0,0,928,928,13,0,1,0,0,1,none,onset,353.44,566.56
2026-01-28T14:23:48.497001,4,2.62,0.52,96.86,340,728,0.21,1511.76,2404.06,0.0,13,26,0,0,0,1026,1026,13,0,1,0,0,1,none,onset,355.18,564.82
2026-01-28T14:23:49.537296,4,2.53,1.01,96.46,364,651,0.21,1501.36,2414.46,0.0,13,26,0,0,0,928,928,13,0,1,0,0,1,none,onset,352.74,567.26
2026-01-28T14:23:50.574965,4,2.27,0.25,97.47,300,608,0.21,1507.23,2408.6,0.0,13,26,0,0,0,928,928,13,0,1,0,0,1,none,onset,354.11,565.89
2026-01-28T14:23:51.604418,4,0.25,0.0,99.75,214,233,0.19,1507.23,2408.6,0.0,13,26,0,0,0,0,0,13,0,1,0,0,1,none,onset,354.11,565.89
2026-01-28T14:23:52.639221,4,2.11,1.05,96.84,374,604,0.19,1500.16,2415.66,0.0,13,26,0,0,0,928,928,13,0,1,0,0,1,none,onset,352.45,567.55
2026-01-28T14:23:53.667618,4,3.28,0.51,96.21,292,709,0.19,1503.58,2412.25,0.0,13,26,0,0,0,928,928,13,0,1,0,0,1,none,onset,353.26,566.74
2026-01-28T14:23:54.708944,4,1.8,0.77,97.43,333,688,0.19,1503.16,2412.67,0.0,13,26,0,0,0,928,928,13,0,1,0,0,1,none,onset,353.16,566.84
2026-01-28T14:23:55.755488,4,0.0,0.0,100.0,93,270,0.18,1503.16,2412.67,0.0,13,26,0,0,0,0,0,13,0,1,0,0,1,none,onset,353.16,566.84
2026-01-28T14:23:56.784984,4,1.04,0.52,98.45,333,439,0.18,1502.97,2412.85,0.0,13,26,0,0,0,928,928,13,0,1,0,0,1,none,onset,353.11,566.89
2026-01-28T14:23:57.813348,4,2.65,1.06,96.29,439,822,0.18,1501.91,2413.92,0.0,13,26,0,0,0,928,928,13,0,1,0,0,1,none,onset,352.86,567.14
2026-01-28T14:23:58.837206,4,2.86,0.78,96.35,374,802,0.18,1502.69,2413.13,0.0,13,26,0,0,0,1026,1026,13,0,1,0,0,1,none,onset,353.05,566.95
2026-01-28T14:23:59.868977,4,0.25,0.5,99.25,138,323,0.18,1502.69,2413.13,0.0,13,26,0,0,0,0,0,13,0,1,0,0,1,none,onset,353.05,566.95
2026-01-28T14:24:00.902408,4,0.26,0.0,99.74,179,346,0.16,1504.54,2411.29,0.0,13,26,0,0,0,928,928,13,0,1,0,0,1,none,onset,353.48,566.52
2026-01-28T14:24:01.955260,4,2.59,1.3,96.11,614,870,0.16,1503.73,2412.09,0.0,13,26,0,0,0,928,928,13,0,1,0,0,1,none,onset,353.29,566.71
2026-01-28T14:24:02.986300,4,0.25,0.0,99.75,98,204,0.16,1503.73,2412.09,0.0,13,26,0,0,0,0,0,13,0,1,0,0,1,none,onset,353.29,566.71
2026-01-28T14:24:04.023515,4,5.33,1.27,93.4,519,913,0.16,1498.31,2417.51,0.0,13,26,0,0,0,970,970,13,0,1,0,0,1,none,onset,352.02,567.98
2026-01-28T14:24:05.050106,4,0.25,0.0,99.75,159,189,0.16,1498.18,2417.64,0.0,13,26,0,0,0,0,0,13,0,1,0,0,1,none,onset,351.99,568.01
2026-01-28T14:24:06.079690,4,3.03,0.76,96.21,277,690,0.15,1505.64,2410.18,0.0,13,26,0,0,0,928,928,13,0,1,0,0,1,none,onset,353.74,566.26
2026-01-28T14:24:07.106837,4,2.57,0.77,96.66,398,759,0.15,1501.64,2414.18,0.0,13,26,0,0,0,928,928,13,0,1,0,0,1,none,onset,352.80,567.20
2026-01-28T14:24:08.133597,4,1.26,0.25,98.49,191,344,0.15,1497.64,2418.18,0.0,13,26,0,0,0,0,0,13,0,1,0,0,1,none,onset,351.86,568.14
2026-01-28T14:24:09.274783,4,4.04,0.95,95.01,548,1111,0.15,1502.29,2413.54,0.0,13,26,0,0,0,1026,1026,13,0,1,0,0,1,none,onset,352.95,567.05
2026-01-28T14:24:10.367296,4,0.24,0.0,99.76,264,744,0.15,1508.35,2407.48,0.0,13,26,0,0,0,928,928,13,0,1,0,0,1,none,onset,354.38,565.62
2026-01-28T14:24:12.142112,4,1.46,0.29,98.25,535,754,0.22,1501.57,2414.26,0.0,13,26,0,0,0,928,928,13,0,1,0,0,1,none,onset,352.78,567.22
2026-01-28T14:24:13.602637,4,0.35,0.35,99.29,355,288,0.22,1497.71,2418.11,0.0,13,24,0,0,0,0,0,13,0,1,0,0,1,none,onset,351.88,568.12
2026-01-28T14:24:14.634171,4,4.07,1.02,94.91,454,924,0.22,1507.53,2408.3,0.0,13,26,0,0,0,970,970,13,0,1,0,0,1,none,onset,354.18,565.82
2026-01-28T14:24:16.119931,4,2.45,0.87,96.68,548,961,0.2,1511.77,2404.05,0.0,13,24,0,0,0,928,928,13,0,1,0,0,1,none,onset,355.18,564.82
2026-01-28T14:24:18.699705,4,1.52,0.3,98.17,704,1464,0.2,1494.95,2420.88,0.0,13,24,0,0,0,1856,1856,13,0,1,0,0,1,none,onset,351.23,568.77
2026-01-28T14:24:19.787201,4,5.94,0.99,93.07,579,1193,0.2,1497.98,2417.85,0.0,13,26,0,0,0,1026,1026,13,0,1,0,0,1,none,onset,351.94,568.06
2026-01-28T14:24:20.828512,4,1.0,0.25,98.75,250,367,0.18,1502.25,2413.58,0.0,13,26,0,0,0,0,0,13,0,1,0,0,1,none,onset,352.94,567.06
2026-01-28T14:24:22.344804,4,2.03,0.34,97.63,382,739,0.18,1512.51,2403.31,0.0,13,26,0,0,0,928,928,13,0,1,0,0,1,none,onset,355.36,564.64
2026-01-28T14:24:23.495480,4,1.36,0.23,98.41,297,663,0.18,1508.6,2407.22,0.0,13,26,0,0,0,928,928,13,0,1,0,0,1,none,onset,354.44,565.56
2026-01-28T14:24:24.527497,4,3.88,0.78,95.35,402,1000,0.18,1510.95,2404.88,0.0,13,26,0,0,0,928,928,13,0,1,0,0,1,none,onset,354.99,565.01
2026-01-28T14:24:25.623075,4,1.93,0.48,97.58,326,596,0.18,1509.95,2405.87,0.0,13,26,0,0,0,928,928,13,0,1,0,0,1,none,onset,354.75,565.25
2026-01-28T14:24:26.906700,4,0.41,0.21,99.38,299,698,0.17,1505.95,2409.87,0.0,13,26,0,0,0,928,928,13,0,1,0,0,1,none,onset,353.81,566.19
2026-01-28T14:24:29.455379,4,0.2,0.1,99.7,304,631,0.17,1501.95,2413.88,0.0,13,24,0,0,0,98,98,13,0,1,0,0,1,none,onset,352.87,567.13
2026-01-28T14:24:30.668004,4,1.12,0.67,98.21,384,665,0.17,1504.18,2411.64,0.0,13,26,0,0,0,928,928,13,0,1,0,0,1,none,onset,353.40,566.60
2026-01-28T14:24:31.689526,4,3.84,0.26,95.91,303,888,0.32,1503.72,2412.1,0.0,13,24,0,0,0,928,928,13,0,1,0,0,1,none,onset,353.29,566.71
2026-01-28T14:24:32.864766,4,4.88,0.89,94.24,448,1116,0.32,1511.16,2404.66,0.0,13,26,0,0,0,928,928,13,0,1,0,0,1,none,sustained,355.04,564.96
2026-01-28T14:24:33.906138,4,2.52,0.76,96.73,297,716,0.32,1506.06,2409.77,0.0,13,26,0,0,0,928,928,13,0,1,0,0,1,none,sustained,353.84,566.16
2026-01-28T14:24:35.051272,4,1.83,0.46,97.71,320,583,0.32,1509.5,2406.32,0.0,13,24,0,0,0,928,928,13,0,1,0,0,1,none,sustained,354.65,565.35
2026-01-28T14:24:36.079145,4,1.08,0.54,98.38,463,702,0.37,1509.54,2406.29,0.0,13,26,0,0,0,928,928,13,0,1,0,0,1,none,sustained,354.66,565.34
2026-01-28T14:24:37.104776,4,1.78,0.51,97.71,258,371,0.37,1513.53,2402.3,0.0,13,24,0,0,0,928,928,13,0,1,0,0,1,none,sustained,355.59,564.41
2026-01-28T14:24:38.176214,4,0.48,0.0,99.52,238,389,0.37,1506.82,2409.0,0.0,13,26,0,0,0,0,0,13,0,1,0,0,1,none,sustained,354.02,565.98
2026-01-28T14:24:39.654876,4,1.62,0.36,98.03,376,771,0.37,1506.43,2409.4,0.0,12,24,0,0,0,1026,1026,12,0,1,0,0,1,none,sustained,353.93,566.07
2026-01-28T14:24:40.676030,4,2.68,1.07,96.25,448,931,0.37,1504.65,2411.17,0.0,13,26,0,0,0,928,928,13,0,1,0,0,1,none,sustained,353.51,566.49
2026-01-28T14:24:41.712153,4,2.54,0.51,96.95,345,701,0.34,1499.2,2416.62,0.0,13,26,0,0,0,928,928,13,0,1,0,0,1,none,sustained,352.23,567.77
2026-01-28T14:24:42.737956,4,1.31,0.52,98.17,276,637,0.34,1498.07,2417.76,0.0,13,26,0,0,0,928,928,13,0,1,0,0,1,none,sustained,351.96,568.04
2026-01-28T14:24:43.782199,4,0.25,0.0,99.75,102,217,0.34,1498.07,2417.76,0.0,13,26,0,0,0,0,0,13,0,1,0,0,1,none,sustained,351.96,568.04
2026-01-28T14:24:44.813065,4,3.29,0.25,96.46,290,785,0.34,1498.82,2417.01,0.0,13,26,0,0,0,928,928,13,0,1,0,0,1,none,sustained,352.14,567.86
2026-01-28T14:24:45.842201,4,0.78,0.52,98.71,261,352,0.39,1496.07,2419.75,0.0,13,26,0,0,0,928,928,13,0,1,0,0,1,none,sustained,351.49,568.51
2026-01-28T14:24:46.872611,4,2.26,1.01,96.73,309,767,0.39,1498.92,2416.91,0.0,13,26,0,0,0,0,0,13,0,1,0,0,1,none,sustained,352.16,567.84
2026-01-28T14:24:47.905077,4,2.53,0.51,96.97,279,667,0.39,1494.48,2421.34,0.0,13,26,0,0,0,928,928,13,0,1,0,0,1,none,sustained,351.12,568.88
2026-01-28T14:24:48.935507,4,0.78,0.26,98.96,255,456,0.39,1500.38,2415.45,0.0,13,26,0,0,0,928,928,13,0,1,0,0,1,none,sustained,352.50,567.50
2026-01-28T14:24:49.966736,4,0.77,0.77,98.47,229,480,0.39,1489.14,2426.68,0.0,13,26,0,0,0,98,98,13,0,1,0,0,1,none,sustained,349.87,570.13
2026-01-28T14:24:51.002807,4,2.75,0.5,96.75,249,786,0.36,1498.62,2417.2,0.0,13,26,0,0,0,928,928,13,0,1,0,0,1,none,sustained,352.09,567.91
2026-01-28T14:24:52.033811,4,0.26,0.26,99.48,216,371,0.36,1499.01,2416.81,0.0,13,26,0,0,0,928,928,13,0,1,0,0,1,none,sustained,352.18,567.82
2026-01-28T14:24:53.060979,4,1.53,0.51,97.95,432,643,0.36,1499.11,2416.71,0.0,13,26,0,0,0,0,0,13,0,1,0,0,1,none,sustained,352.21,567.79
2026-01-28T14:24:54.088788,4,3.03,0.76,96.21,278,739,0.36,1503.1,2412.72,0.0,13,26,0,0,0,928,928,13,0,1,0,0,1,none,sustained,353.14,566.86
2026-01-28T14:24:55.120209,4,3.55,0.76,95.69,345,878,0.36,1501.08,2414.74,0.0,13,26,0,0,0,970,970,13,0,1,0,0,1,none,sustained,352.67,567.33
2026-01-28T14:24:56.153227,4,3.78,0.5,95.72,300,800,0.33,1501.14,2414.69,0.0,13,26,0,0,0,928,928,13,0,1,0,0,1,none,sustained,352.68,567.32
2026-01-28T14:24:57.182850,4,2.04,0.26,97.7,183,558,0.33,1499.1,2416.72,0.0,13,26,0,0,0,928,928,13,0,1,0,0,1,none,sustained,352.21,567.79
2026-01-28T14:24:58.205327,4,3.26,1.25,95.49,419,1002,0.33,1506.05,2409.77,0.0,13,26,0,0,0,0,0,13,0,1,0,0,1,none,sustained,353.84,566.16
2026-01-28T14:24:59.247155,4,2.53,0.51,96.96,323,704,0.33,1502.18,2413.64,0.0,13,26,0,0,0,928,928,13,0,1,0,0,1,none,sustained,352.93,567.07
2026-01-28T14:25:00.278193,4,3.61,1.03,95.36,466,748,0.33,1504.82,2411.0,0.0,13,26,0,0,0,1026,1026,13,0,1,0,0,1,none,sustained,353.55,566.45
2026-01-28T14:25:01.307416,4,3.54,0.25,96.2,288,654,0.31,1505.91,2409.92,0.0,13,26,0,0,0,928,928,13,0,1,0,0,1,none,sustained,353.80,566.20
2026-01-28T14:25:02.443577,4,2.84,1.18,95.97,562,1362,0.31,1504.86,2410.96,0.0,13,26,0,0,0,0,0,13,0,1,0,0,1,none,sustained,353.56,566.44
2026-01-28T14:25:03.506644,4,2.74,0.75,96.51,483,841,0.31,1498.91,2416.91,0.0,13,26,0,0,0,928,928,13,0,1,0,0,1,none,sustained,352.16,567.84
2026-01-28T14:25:04.616499,4,2.12,0.24,97.64,287,754,0.31,1502.91,2412.91,0.0,13,26,0,0,0,928,928,13,0,1,0,0,1,none,sustained,353.10,566.90
2026-01-28T14:25:05.694287,4,0.74,0.49,98.77,268,457,0.28,1506.91,2408.91,0.0,13,26,0,0,0,970,970,13,0,1,0,0,1,none,sustained,354.04,565.96
2026-01-28T14:25:06.712905,4,1.57,0.52,97.91,370,600,0.28,1506.77,2409.06,0.0,13,26,0,0,0,928,928,13,0,1,0,0,1,none,sustained,354.01,565.99
2026-01-28T14:25:07.742054,4,0.51,0.0,99.49,168,268,0.28,1510.77,2405.06,0.0,13,26,0,0,0,928,928,13,0,1,0,0,1,none,sustained,354.95,565.05
2026-01-28T14:25:08.765852,4,1.05,0.79,98.17,463,776,0.28,1510.02,2405.8,0.0,13,26,0,0,0,0,0,13,0,1,0,0,1,none,sustained,354.77,565.23
2026-01-28T14:25:09.825127,4,2.49,0.25,97.26,325,699,0.28,1506.02,2409.8,0.0,13,26,0,0,0,928,928,13,0,1,0,0,1,none,sustained,353.83,566.17
2026-01-28T14:25:10.898955,4,2.53,0.76,96.71,426,764,0.26,1506.02,2409.81,0.0,13,26,0,0,0,1026,1026,13,0,1,0,0,1,none,sustained,353.83,566.17
2026-01-28T14:25:12.094702,4,0.44,0.67,98.89,334,579,0.26,1508.72,2407.1,0.0,13,26,0,0,0,928,928,13,0,1,0,0,1,none,sustained,354.47,565.53
2026-01-28T14:25:13.124288,4,0.51,0.51,98.98,286,402,0.26,1508.87,2406.96,0.0,13,26,0,0,0,0,0,13,0,1,0,0,1,none,sustained,354.50,565.50
2026-01-28T14:25:14.789649,4,1.77,0.48,97.75,514,868,0.26,1500.88,2414.95,0.0,13,26,0,0,0,1856,1856,13,0,1,0,0,1,none,sustained,352.62,567.38
2026-01-28T14:25:16.007868,4,0.42,0.21,99.37,200,290,0.24,1500.88,2414.95,0.0,13,26,0,0,0,0,0,13,0,1,0,0,1,none,sustained,352.62,567.38
2026-01-28T14:25:17.380472,4,3.2,0.38,96.42,337,847,0.24,1506.6,2409.22,0.0,12,24,0,0,0,928,928,12,0,1,0,0,1,none,sustained,353.97,566.03
2026-01-28T14:25:18.511426,4,0.47,0.23,99.3,205,384,0.24,1502.2,2413.62,0.0,13,26,0,0,0,928,928,13,0,1,0,0,1,none,sustained,352.93,567.07
2026-01-28T14:25:19.561291,4,0.0,0.0,100.0,158,162,0.24,1502.2,2413.62,0.0,13,26,0,0,0,0,0,13,0,1,0,0,1,none,sustained,352.93,567.07
2026-01-28T14:25:20.590417,4,1.37,0.82,97.81,312,731,0.24,1497.5,2418.32,0.0,13,26,0,0,0,1026,1026,13,0,1,0,0,1,none,sustained,351.83,568.17
2026-01-28T14:25:21.621011,4,1.25,0.25,98.5,166,498,0.22,1501.58,2414.24,0.0,13,26,0,0,0,0,0,13,0,1,0,0,1,none,sustained,352.79,567.21
2026-01-28T14:25:22.644072,4,1.52,0.25,98.22,304,498,0.22,1501.83,2414.0,0.0,13,26,0,0,0,928,928,13,0,1,0,0,1,none,sustained,352.85,567.15
2026-01-28T14:25:23.673497,4,3.06,0.51,96.43,269,653,0.22,1506.07,2409.75,0.0,13,26,0,0,0,928,928,13,0,1,0,0,1,none,sustained,353.84,566.16
2026-01-28T14:25:24.700934,4,0.78,0.26,98.97,196,441,0.22,1505.31,2410.52,0.0,13,26,0,0,0,928,928,13,0,1,0,0,1,none,sustained,353.66,566.34
2026-01-28T14:25:25.720735,4,1.88,0.81,97.31,405,915,0.28,1502.62,2413.21,0.0,13,26,0,0,0,928,928,13,0,1,0,0,1,none,sustained,353.03,566.97
2026-01-28T14:25:26.744208,4,1.31,0.52,98.17,272,534,0.28,1503.62,2412.21,0.0,13,26,0,0,0,928,928,13,0,1,0,0,1,none,sustained,353.27,566.73
2026-01-28T14:25:27.772204,4,0.25,0.0,99.75,149,219,0.28,1503.66,2412.16,0.0,13,26,0,0,0,0,0,13,0,1,0,0,1,none,sustained,353.28,566.72
2026-01-28T14:25:28.797739,4,3.06,0.77,96.17,421,697,0.28,1503.66,2412.16,0.0,13,26,0,0,0,928,928,13,0,1,0,0,1,none,sustained,353.28,566.72
2026-01-28T14:25:29.825852,4,3.3,1.02,95.69,337,671,0.28,1507.66,2408.16,0.0,13,26,0,0,0,928,928,13,0,1,0,0,1,none,sustained,354.22,565.78
2026-01-28T14:25:30.853663,4,5.9,1.03,93.08,422,1175,0.26,1503.91,2411.91,0.0,13,24,0,0,0,1026,1026,13,0,1,0,0,1,none,sustained,353.34,566.66
2026-01-28T14:25:31.874362,4,1.28,0.51,98.21,302,519,0.26,1503.9,2411.92,0.0,13,26,0,0,0,0,0,13,0,1,0,0,1,none,sustained,353.33,566.67
2026-01-28T14:25:32.904163,4,4.66,1.04,94.3,452,900,0.26,1508.87,2406.95,0.0,13,26,0,0,0,928,928,13,0,1,0,0,1,none,sustained,354.50,565.50
2026-01-28T14:25:33.934326,4,3.04,0.25,96.71,268,625,0.26,1513.67,2402.16,0.0,13,26,0,0,0,928,928,13,0,1,0,0,1,none,sustained,355.63,564.37
2026-01-28T14:25:34.964400,4,3.77,1.51,94.72,306,798,0.26,1506.8,2409.02,0.0,13,26,0,0,0,928,928,13,0,1,0,0,1,none,sustained,354.01,565.99
2026-01-28T14:25:35.998847,4,3.39,1.04,95.57,1478,1645,0.24,1503.6,2412.23,0.0,13,26,0,0,0,928,928,13,0,1,0,0,1,none,sustained,353.26,566.74
2026-01-28T14:25:37.017268,4,1.77,3.03,95.2,735,1062,0.24,1505.55,2410.27,0.0,13,26,0,0,0,0,0,13,0,1,0,0,1,none,sustained,353.72,566.28
2026-01-28T14:25:38.032901,4,0.0,0.0,100.0,94,152,0.24,1505.55,2410.27,0.0,13,26,0,0,0,0,0,13,0,1,0,0,1,none,sustained,353.72,566.28
2026-01-28T14:25:39.049125,4,0.0,0.0,100.0,76,194,0.24,1505.55,2410.27,0.0,13,26,0,0,0,0,0,13,0,1,0,0,1,none,sustained,353.72,566.28
2026-01-28T14:25:40.067065,4,0.26,0.26,99.49,255,556,0.24,1508.81,2407.02,0.0,13,26,0,0,0,928,928,13,0,1,0,0,1,none,sustained,354.49,565.51
2026-01-28T14:25:41.117876,4,4.8,1.01,94.19,610,882,0.38,1506.63,2409.2,0.0,13,26,0,0,0,1026,1026,13,0,1,0,0,1,none,sustained,353.97,566.03
2026-01-28T14:25:42.155137,4,3.62,0.78,95.61,444,1085,0.38,1505.61,2410.21,0.0,13,26,0,0,0,928,928,13,0,1,0,0,1,none,sustained,353.73,566.27
2026-01-28T14:25:43.182972,4,1.5,1.0,97.49,281,452,0.38,1505.04,2410.79,0.0,13,26,0,0,0,0,0,13,0,1,0,0,1,none,sustained,353.60,566.40
2026-01-28T14:25:44.348197,4,2.43,0.22,97.35,277,571,0.38,1503.75,2412.07,0.0,13,26,0,0,0,928,928,13,0,1,0,0,1,none,sustained,353.30,566.70
2026-01-28T14:25:45.872702,4,0.35,0.17,99.48,325,655,0.43,1512.05,2403.78,0.0,13,26,0,0,0,928,928,13,0,1,0,0,1,none,sustained,355.25,564.75
2026-01-28T14:25:47.061622,4,3.35,0.89,95.76,473,1025,0.43,1505.01,2410.82,0.0,13,26,0,0,0,970,970,13,0,1,0,0,1,none,sustained,353.59,566.41
2026-01-28T14:25:48.104934,4,2.03,0.51,97.46,360,570,0.43,1505.0,2410.82,0.0,13,26,0,0,0,928,928,13,0,1,0,0,1,none,sustained,353.59,566.41
2026-01-28T14:25:49.138844,4,1.55,0.52,97.94,370,609,0.43,1505.15,2410.68,0.0,13,26,0,0,0,928,928,13,0,1,0,0,1,none,sustained,353.63,566.37
2026-01-28T14:25:50.418951,4,0.62,0.21,99.18,228,469,0.43,1513.25,2402.57,0.0,13,26,0,0,0,928,928,13,0,1,0,0,1,none,sustained,355.53,564.47
2026-01-28T14:25:51.491341,4,4.93,1.48,93.6,481,1060,0.39,1513.25,2402.57,0.0,13,26,0,0,0,1026,1026,13,0,1,0,0,1,none,sustained,355.53,564.47
2026-01-28T14:25:52.690241,4,4.62,0.88,94.51,550,944,0.39,1506.82,2409.0,0.0,13,26,0,0,0,928,928,13,0,1,0,0,1,none,sustained,354.02,565.98
2026-01-28T14:25:53.903369,4,0.22,0.0,99.78,320,423,0.39,1511.17,2404.65,0.0,13,26,0,0,0,928,928,13,0,1,0,0,1,none,sustained,355.04,564.96
2026-01-28T14:25:55.536243,4,1.74,0.63,97.63,404,685,0.39,1509.42,2406.4,0.0,13,26,0,0,0,928,928,13,0,1,0,0,1,none,sustained,354.63,565.37
2026-01-28T14:25:58.120169,4,0.92,0.41,98.66,817,908,0.36,1513.8,2402.02,0.0,13,26,0,0,0,1898,1898,13,0,1,0,0,1,none,sustained,355.66,564.34
2026-01-28T14:25:59.458401,4,0.0,0.0,100.0,110,268,0.36,1513.83,2402.0,0.0,13,26,0,0,0,0,0,13,0,1,0,0,1,none,sustained,355.66,564.34
2026-01-28T14:26:01.048736,4,2.29,0.65,97.05,565,880,0.33,1508.23,2407.59,0.0,13,24,0,0,0,928,1026,13,0,1,0,0,1,none,sustained,354.35,565.65
2026-01-28T14:26:02.161174,4,3.76,0.71,95.53,437,800,0.33,1500.04,2415.79,0.0,13,26,0,0,0,1026,928,13,0,1,0,0,1,none,sustained,352.43,567.57
2026-01-28T14:26:03.185111,4,4.86,1.35,93.78,584,1052,0.33,1499.38,2416.45,0.0,13,26,0,0,0,928,928,13,0,1,0,0,1,none,sustained,352.27,567.73
2026-01-28T14:26:04.391171,4,3.04,0.87,96.1,443,1014,0.33,1499.72,2416.11,0.0,13,26,0,0,0,928,928,13,0,1,0,0,1,none,sustained,352.35,567.65
2026-01-28T14:26:05.409732,4,0.78,0.0,99.22,273,505,0.33,1501.45,2414.37,0.0,13,26,0,0,0,928,928,13,0,1,0,0,1,none,sustained,352.76,567.24
2026-01-28T14:26:06.688341,4,0.41,0.41,99.17,329,488,0.31,1501.69,2414.14,0.0,13,26,0,0,0,928,928,13,0,1,0,0,1,none,sustained,352.81,567.19
2026-01-28T14:26:07.722176,4,0.49,0.0,99.51,95,268,0.31,1501.69,2414.14,0.0,13,26,0,0,0,0,0,13,0,1,0,0,1,none,sustained,352.81,567.19
2026-01-28T14:26:08.753752,4,1.88,0.27,97.86,369,691,0.31,1499.39,2416.43,0.0,13,26,0,0,0,928,928,13,0,1,0,0,1,none,sustained,352.27,567.73
2026-01-28T14:26:09.784548,4,1.55,0.26,98.19,305,515,0.31,1506.06,2409.77,0.0,13,26,0,0,0,928,928,13,0,1,0,0,1,none,sustained,353.84,566.16
2026-01-28T14:26:10.813580,4,0.78,0.26,98.97,356,411,0.44,1504.52,2411.31,0.0,13,26,0,0,0,928,928,13,0,1,0,0,1,none,sustained,353.48,566.52
2026-01-28T14:26:11.838018,4,2.55,0.26,97.19,384,814,0.44,1509.4,2406.43,0.0,13,26,0,0,0,98,98,13,0,1,0,0,1,none,sustained,354.62,565.38
2026-01-28T14:26:12.867346,4,0.25,0.25,99.5,179,219,0.44,1505.4,2410.43,0.0,13,26,0,0,0,0,0,13,0,1,0,0,1,none,sustained,353.68,566.32
2026-01-28T14:26:13.892609,4,3.16,0.26,96.58,353,982,0.44,1510.68,2405.15,0.0,13,26,0,0,0,928,928,13,0,1,0,0,1,none,sustained,354.92,565.08
2026-01-28T14:26:14.923536,4,2.82,0.51,96.67,392,768,0.44,1505.41,2410.41,0.0,13,26,0,0,0,928,928,13,0,1,0,0,1,none,sustained,353.69,566.31
2026-01-28T14:26:15.957974,4,0.78,0.26,98.96,749,973,0.41,1500.35,2415.47,0.0,13,26,0,0,0,928,928,13,0,1,0,0,1,none,sustained,352.50,567.50
2026-01-28T14:26:17.014311,4,0.24,0.24,99.51,215,232,0.41,1500.35,2415.47,0.0,13,26,0,0,0,0,0,13,0,1,0,0,1,none,sustained,352.50,567.50
2026-01-28T14:26:18.042368,4,0.26,0.51,99.23,296,418,0.41,1503.6,2412.23,0.0,13,27,0,0,0,824,824,13,0,2,0,0,1,none,sustained,353.26,566.74
2026-01-28T14:26:19.080562,4,1.03,0.51,98.46,352,656,0.41,1506.25,2409.58,0.0,13,26,0,0,0,104,104,13,0,1,0,0,1,none,sustained,353.88,566.12
2026-01-28T14:26:20.114109,4,1.02,0.25,98.73,214,351,0.41,1504.05,2411.77,0.0,13,26,0,0,0,928,928,13,0,1,0,0,1,none,sustained,353.37,566.63
2026-01-28T14:26:21.141084,4,1.81,0.78,97.41,397,642,0.37,1502.45,2413.38,0.0,13,26,0,0,0,928,928,13,0,1,0,0,1,none,sustained,352.99,567.01
2026-01-28T14:26:22.170004,4,2.57,0.77,96.66,416,946,0.37,1504.77,2411.05,0.0,13,26,0,0,0,98,98,13,0,1,0,0,1,none,sustained,353.54,566.46
2026-01-28T14:26:23.196967,4,2.01,0.25,97.74,212,461,0.37,1510.88,2404.95,0.0,13,26,0,0,0,928,928,13,0,1,0,0,1,none,sustained,354.97,565.03
2026-01-28T14:26:24.229738,4,2.64,1.06,96.31,413,1013,0.37,1510.82,2405.0,0.0,13,26,0,0,0,928,928,13,0,1,0,0,1,none,sustained,354.96,565.04
2026-01-28T14:26:25.265474,4,2.79,0.51,96.7,297,778,0.37,1510.82,2405.0,0.0,13,26,0,0,0,928,928,13,0,1,0,0,1,none,sustained,354.96,565.04
2026-01-28T14:26:26.307912,4,3.24,0.5,96.26,335,810,0.34,1505.07,2410.75,0.0,13,26,0,0,0,928,928,13,0,1,0,0,1,none,sustained,353.61,566.39
2026-01-28T14:26:27.335942,4,1.78,0.25,97.96,243,541,0.34,1507.18,2408.64,0.0,13,26,0,0,0,0,0,13,0,1,0,0,1,none,sustained,354.10,565.90
2026-01-28T14:26:28.357289,4,1.77,0.51,97.73,235,565,0.34,1509.5,2406.32,0.0,13,26,0,0,0,928,928,13,0,1,0,0,1,none,sustained,354.65,565.35
2026-01-28T14:26:29.423686,4,4.26,0.75,94.99,429,1115,0.34,1509.99,2405.83,0.0,13,26,0,0,0,928,928,13,0,1,0,0,1,none,sustained,354.76,565.24
2026-01-28T14:26:30.571052,4,0.69,0.46,98.84,292,461,0.34,1513.98,2401.84,0.0,13,26,0,0,0,928,928,13,0,1,0,0,1,none,sustained,355.70,564.30
2026-01-28T14:26:31.612267,4,0.0,0.0,100.0,138,239,0.32,1513.98,2401.84,0.0,13,24,0,0,0,98,98,13,0,1,0,0,1,none,sustained,355.70,564.30
2026-01-28T14:26:32.635755,4,5.01,1.58,93.4,482,1069,0.32,1505.4,2410.42,0.0,13,26,0,0,0,928,928,13,0,1,0,0,1,none,sustained,353.69,566.31
2026-01-28T14:26:33.669181,4,0.25,0.0,99.75,92,190,0.32,1505.42,2410.41,0.0,13,26,0,0,0,0,0,13,0,1,0,0,1,none,sustained,353.69,566.31
2026-01-28T14:26:34.691371,4,4.92,1.04,94.04,473,772,0.32,1510.69,2405.14,0.0,13,26,0,0,0,928,928,13,0,1,0,0,1,none,sustained,354.93,565.07
2026-01-28T14:26:35.718823,4,0.0,0.0,100.0,81,149,0.29,1510.79,2405.04,0.0,13,26,0,0,0,0,0,13,0,1,0,0,1,none,sustained,354.95,565.05
2026-01-28T14:26:36.749191,4,0.52,0.26,99.22,321,365,0.29,1512.14,2403.69,0.0,13,26,0,0,0,1012,1012,13,0,1,0,0,1,none,sustained,355.27,564.73
2026-01-28T14:26:37.780311,4,1.28,0.26,98.47,197,398,0.29,1510.08,2405.75,0.0,13,26,0,0,0,928,928,13,0,1,0,0,1,none,sustained,354.78,565.22
2026-01-28T14:26:38.799538,4,0.26,0.26,99.49,220,501,0.29,1507.59,2408.23,0.0,13,26,0,0,0,0,0,13,0,1,0,0,1,none,sustained,354.20,565.80
2026-01-28T14:26:39.831029,4,3.48,0.5,96.02,238,665,0.29,1509.43,2406.39,0.0,13,26,0,0,0,928,928,13,0,1,0,0,1,none,sustained,354.63,565.37
2026-01-28T14:26:40.862303,4,1.32,0.79,97.88,409,477,0.27,1514.4,2401.43,0.0,13,26,0,0,0,928,928,13,0,1,0,0,1,none,sustained,355.80,564.20
2026-01-28T14:26:41.890758,4,3.13,1.57,95.3,466,1162,0.27,1503.28,2412.55,0.0,13,26,0,0,0,1026,1026,13,0,1,0,0,1,none,sustained,353.19,566.81
2026-01-28T14:26:42.917295,4,1.29,0.26,98.46,227,512,0.27,1507.28,2408.55,0.0,13,26,0,0,0,928,928,13,0,1,0,0,1,none,sustained,354.13,565.87
2026-01-28T14:26:43.940327,4,0.76,0.25,98.99,190,416,0.27,1507.28,2408.55,0.0,13,26,0,0,0,0,0,13,0,1,0,0,1,none,sustained,354.13,565.87
2026-01-28T14:26:44.977644,4,2.26,0.5,97.24,224,493,0.27,1500.35,2415.47,0.0,13,26,0,0,0,928,928,13,0,1,0,0,1,none,sustained,352.50,567.50
2026-01-28T14:26:46.005645,4,1.07,0.8,98.13,452,555,0.25,1508.35,2407.47,0.0,13,26,0,0,0,928,928,13,0,1,0,0,1,none,sustained,354.38,565.62
2026-01-28T14:26:47.037501,4,3.05,0.76,96.18,343,795,0.25,1511.2,2404.62,0.0,13,26,0,0,0,928,928,13,0,1,0,0,1,none,sustained,355.05,564.95
2026-01-28T14:26:48.056164,4,0.25,0.0,99.75,100,252,0.25,1511.29,2404.53,0.0,13,26,0,0,0,0,0,13,0,1,0,0,1,none,sustained,355.07,564.93
2026-01-28T14:26:49.663746,4,1.45,0.48,98.07,333,557,0.25,1512.79,2403.03,0.0,13,26,0,0,0,928,928,13,0,1,0,0,1,none,sustained,355.42,564.58
2026-01-28T14:26:51.343256,4,3.22,0.48,96.3,673,1247,0.23,1515.7,2400.12,0.0,13,26,0,0,0,1856,1856,13,0,1,0,0,1,none,sustained,356.11,563.89
2026-01-28T14:26:52.755014,4,1.34,0.57,98.08,398,1249,0.23,1514.97,2400.86,0.0,13,26,0,0,0,1026,1026,13,0,1,0,0,1,none,sustained,355.93,564.07
2026-01-28T14:26:53.883022,4,0.47,0.47,99.05,299,534,0.23,1516.74,2399.08,0.0,13,26,0,0,0,928,928,13,0,1,0,0,1,none,sustained,356.35,563.65
2026-01-28T14:26:55.043732,4,0.0,0.0,100.0,161,268,0.23,1516.74,2399.09,0.0,13,24,0,0,0,0,0,13,0,1,0,0,1,none,sustained,356.35,563.65
2026-01-28T14:26:57.156194,4,1.77,0.51,97.72,709,1176,0.21,1509.07,2406.76,0.0,13,26,0,0,0,1856,1856,13,0,1,0,0,1,none,sustained,354.55,565.45
2026-01-28T14:26:58.199249,4,0.73,0.24,99.02,122,201,0.21,1509.07,2406.76,0.0,13,26,0,0,0,0,0,13,0,1,0,0,1,none,sustained,354.55,565.45
2026-01-28T14:26:59.230315,4,2.78,0.25,96.96,268,639,0.21,1516.02,2399.81,0.0,13,26,0,0,0,928,928,13,0,1,0,0,1,none,sustained,356.18,563.82
2026-01-28T14:27:00.258283,4,1.79,0.51,97.69,366,444,0.21,1517.47,2398.35,0.0,13,25,0,0,0,928,928,13,0,1,0,0,1,none,sustained,356.52,563.48
2026-01-28T14:27:01.285096,4,1.54,1.03,97.43,331,711,0.19,1509.47,2406.35,0.0,13,26,0,0,0,0,0,13,0,1,0,0,1,none,sustained,354.64,565.36
2026-01-28T14:27:02.322090,4,4.37,0.77,94.86,484,998,0.19,1513.47,2402.36,0.0,13,26,0,0,0,1026,1026,13,0,1,0,0,1,none,sustained,355.58,564.42
2026-01-28T14:27:03.431995,4,2.43,0.97,96.59,351,630,0.19,1512.25,2403.57,0.0,13,26,0,0,0,928,928,13,0,1,0,0,1,none,sustained,355.29,564.71
2026-01-28T14:27:04.719414,4,0.39,0.2,99.41,176,206,0.19,1512.25,2403.57,0.0,13,24,0,0,0,0,0,13,0,1,0,0,1,none,sustained,355.29,564.71
2026-01-28T14:27:05.804979,4,2.19,0.24,97.57,281,592,0.17,1516.25,2399.57,0.0,13,26,0,0,0,928,928,13,0,1,0,0,1,none,sustained,356.23,563.77
2026-01-28T14:27:07.460735,4,1.81,0.66,97.53,624,1002,0.17,1514.25,2401.58,0.0,13,26,0,0,0,1898,1898,13,0,1,0,0,1,none,sustained,355.76,564.24
2026-01-28T14:27:08.489910,4,0.76,0.25,98.99,240,534,0.17,1514.38,2401.44,0.0,13,26,0,0,0,354,354,13,0,2,0,0,1,none,sustained,355.80,564.20
2026-01-28T14:27:09.795144,4,1.43,0.41,98.17,410,622,0.17,1497.12,2418.7,0.0,13,26,0,0,0,1502,1502,13,0,1,0,0,1,none,sustained,351.74,568.26
2026-01-28T14:27:10.906802,4,0.48,0.48,99.04,411,492,0.24,1497.01,2418.82,0.0,13,26,0,0,0,928,928,13,0,1,0,0,1,none,sustained,351.71,568.29
2026-01-28T14:27:12.081048,4,1.13,0.68,98.19,440,594,0.24,1501.25,2414.57,0.0,13,26,0,0,0,0,0,13,0,1,0,0,1,none,sustained,352.71,567.29
2026-01-28T14:27:14.025055,4,1.21,0.4,98.39,477,911,0.24,1498.25,2417.57,0.0,13,26,0,0,0,1026,1026,13,0,1,0,0,1,none,sustained,352.01,567.99
2026-01-28T14:27:15.056397,4,2.56,0.51,96.93,369,642,0.24,1502.4,2413.43,0.0,13,26,0,0,0,928,928,13,0,1,0,0,1,none,sustained,352.98,567.02
2026-01-28T14:27:16.420374,4,2.1,0.38,97.51,404,767,0.22,1500.75,2415.08,0.0,13,26,0,0,0,928,928,13,0,1,0,0,1,none,sustained,352.59,567.41
2026-01-28T14:27:17.456236,4,0.25,0.0,99.75,94,219,0.22,1500.75,2415.08,0.0,13,26,0,0,0,0,0,13,0,1,0,0,1,none,sustained,352.59,567.41
2026-01-28T14:27:18.482897,4,3.17,0.79,96.04,479,748,0.22,1500.84,2414.98,0.0,13,26,0,0,0,970,970,13,0,1,0,0,1,none,sustained,352.61,567.39
2026-01-28T14:27:19.533980,4,3.23,0.5,96.27,396,707,0.22,1501.34,2414.48,0.0,13,26,0,0,0,928,928,13,0,1,0,0,1,none,sustained,352.73,567.27
2026-01-28T14:27:22.074070,4,1.44,0.21,98.36,482,876,0.2,1501.37,2414.46,0.0,13,26,0,0,0,1856,1856,13,0,1,0,0,1,none,sustained,352.74,567.26
2026-01-28T14:27:23.110315,4,4.27,1.33,94.4,511,1050,0.2,1499.3,2416.52,0.0,13,26,0,0,0,1026,1026,13,0,1,0,0,1,none,sustained,352.25,567.75
2026-01-28T14:27:24.145356,4,1.03,0.26,98.71,140,438,0.2,1492.16,2423.66,0.0,13,26,0,0,0,928,928,13,0,1,0,0,1,none,sustained,350.57,569.43
2026-01-28T14:27:25.224866,4,2.43,0.49,97.08,249,803,0.2,1499.25,2416.58,0.0,13,26,0,0,0,928,928,13,0,1,0,0,1,none,sustained,352.24,567.76
2026-01-28T14:27:26.631542,4,0.36,0.36,99.27,218,381,0.19,1499.25,2416.58,0.0,13,26,0,0,0,0,0,13,0,1,0,0,1,none,sustained,352.24,567.76
2026-01-28T14:27:27.656031,4,0.52,0.26,99.22,179,350,0.19,1508.32,2407.5,0.0,13,26,0,0,0,928,928,13,0,1,0,0,1,none,sustained,354.37,565.63
2026-01-28T14:27:28.739848,4,2.03,0.51,97.46,353,751,0.19,1500.4,2415.43,0.0,13,26,0,0,0,928,928,13,0,1,0,0,1,none,sustained,352.51,567.49
2026-01-28T14:27:29.790036,4,2.73,0.5,96.77,290,654,0.19,1504.34,2411.48,0.0,13,26,0,0,0,928,928,13,0,1,0,0,1,none,sustained,353.44,566.56
2026-01-28T14:27:31.624777,4,0.29,0.43,99.28,425,799,0.17,1511.2,2404.62,0.0,13,27,0,0,0,1752,1752,13,0,2,0,0,1,none,sustained,355.05,564.95
2026-01-28T14:27:32.930914,4,0.99,0.59,98.42,252,637,0.17,1504.19,2411.64,0.0,13,24,0,0,0,104,104,13,0,1,0,0,1,none,sustained,353.40,566.60
2026-01-28T14:27:33.954848,4,4.31,1.08,94.61,492,1035,0.17,1508.62,2407.21,0.0,13,24,0,0,0,928,928,13,0,1,0,0,1,none,sustained,354.44,565.56
2026-01-28T14:27:34.979982,4,6.91,1.02,92.07,513,1023,0.17,1511.89,2403.93,0.0,13,26,0,0,0,1026,1026,13,0,1,0,0,1,none,sustained,355.21,564.79
2026-01-28T14:27:36.036535,4,2.22,0.49,97.28,215,556,0.16,1512.62,2403.21,0.0,13,26,0,0,0,928,928,13,0,1,0,0,1,none,sustained,355.38,564.62
2026-01-28T14:27:37.154297,4,3.28,0.47,96.25,376,805,0.16,1509.79,2406.04,0.0,13,26,0,0,0,928,928,13,0,1,0,0,1,none,sustained,354.72,565.28
2026-01-28T14:27:38.183064,4,2.81,1.02,96.16,314,741,0.16,1509.51,2406.31,0.0,13,26,0,0,0,928,928,13,0,1,0,0,1,none,sustained,354.65,565.35
2026-01-28T14:27:39.211534,4,4.92,0.78,94.3,505,863,0.16,1516.25,2399.58,0.0,13,26,0,0,0,970,970,13,0,1,0,0,1,none,sustained,356.23,563.77
2026-01-28T14:27:40.526306,4,0.61,0.2,99.19,525,615,0.16,1510.27,2405.55,0.0,13,26,0,0,0,928,928,13,0,1,0,0,1,none,sustained,354.83,565.17
2026-01-28T14:27:41.559497,4,2.76,0.25,96.99,280,527,0.15,1511.02,2404.81,0.0,13,26,0,0,0,928,928,13,0,1,0,0,1,none,sustained,355.00,565.00
2026-01-28T14:27:42.826563,4,1.48,0.42,98.1,489,1248,0.15,1515.24,2400.58,0.0,13,26,0,0,0,928,928,13,0,1,0,0,1,none,sustained,356.00,564.00
2026-01-28T14:27:43.954686,4,0.23,0.23,99.54,175,446,0.15,1512.27,2403.55,0.0,13,24,0,0,0,0,0,13,0,1,0,0,1,none,sustained,355.30,564.70
2026-01-28T14:27:45.565140,4,2.93,0.98,96.09,525,1031,0.15,1507.16,2408.66,0.0,13,26,0,0,0,1026,1026,13,0,1,0,0,1,none,sustained,354.10,565.90
2026-01-28T14:27:46.609851,4,1.03,0.26,98.71,339,664,0.37,1511.41,2404.41,0.0,13,26,0,0,0,928,928,13,0,1,0,0,1,none,sustained,355.10,564.90
2026-01-28T14:27:47.771061,4,3.15,0.67,96.18,375,784,0.37,1516.89,2398.94,0.0,13,26,0,0,0,928,928,13,0,1,0,0,1,none,sustained,356.38,563.62
2026-01-28T14:27:48.808889,4,1.53,0.26,98.21,231,571,0.37,1523.81,2392.02,0.0,13,26,0,0,0,928,928,13,0,1,0,0,1,none,sustained,358.01,561.99
2026-01-28T14:27:49.842868,4,5.66,1.29,93.06,550,1118,0.37,1520.62,2395.21,0.0,13,26,0,0,0,928,928,13,0,1,0,0,1,none,sustained,357.26,562.74
2026-01-28T14:27:51.142488,4,2.01,0.2,97.79,436,765,0.34,1516.61,2399.21,0.0,13,26,0,0,0,928,928,13,0,1,0,0,1,none,sustained,356.32,563.68
2026-01-28T14:27:52.179543,4,2.77,0.5,96.73,310,713,0.34,1514.61,2401.21,0.0,13,26,0,0,0,928,928,13,0,1,0,0,1,none,sustained,355.85,564.15
2026-01-28T14:27:53.397837,4,1.3,0.65,98.04,420,886,0.34,1519.96,2395.86,0.0,13,26,0,0,0,928,928,13,0,1,0,0,1,none,sustained,357.11,562.89
2026-01-28T14:27:54.422150,4,6.9,1.59,91.51,663,1388,0.34,1509.12,2406.7,0.0,13,26,0,0,0,1026,1026,13,0,1,0,0,1,none,sustained,354.56,565.44
2026-01-28T14:27:55.527084,4,0.23,0.23,99.54,120,300,0.34,1506.53,2409.3,0.0,13,26,0,0,0,0,0,13,0,1,0,0,1,none,sustained,353.95,566.05
2026-01-28T14:27:56.973242,4,0.9,0.18,98.92,279,524,0.32,1510.45,2405.38,0.0,13,24,0,0,0,928,928,13,0,1,0,0,1,none,sustained,354.87,565.13
2026-01-28T14:27:58.243370,4,2.49,0.62,96.88,422,867,0.32,1510.7,2405.13,0.0,13,26,0,0,0,928,928,13,0,1,0,0,1,none,sustained,354.93,565.07
2026-01-28T14:27:59.267722,4,1.79,0.51,97.7,359,691,0.32,1510.69,2405.13,0.0,13,26,0,0,0,928,928,13,0,1,0,0,1,none,sustained,354.93,565.07
2026-01-28T14:28:00.300260,4,4.66,1.55,93.78,532,1121,0.32,1514.33,2401.49,0.0,13,26,0,0,0,970,970,13,0,1,0,0,1,none,sustained,355.78,564.22
2026-01-28T14:28:01.369285,4,2.93,0.24,96.83,338,672,0.29,1512.57,2403.25,0.0,13,26,0,0,0,928,928,13,0,1,0,0,1,none,sustained,355.37,564.63
2026-01-28T14:28:02.430654,4,3.2,0.74,96.06,409,766,0.29,1510.81,2405.01,0.0,13,26,0,0,0,928,928,13,0,1,0,0,1,none,sustained,354.96,565.04
2026-01-28T14:28:03.461558,4,0.78,0.26,98.96,229,379,0.29,1515.3,2400.53,0.0,13,26,0,0,0,928,928,13,0,1,0,0,1,none,sustained,356.01,563.99
2026-01-28T14:28:04.551492,4,3.96,0.99,95.05,416,757,0.29,1524.93,2390.89,0.0,13,26,0,0,0,1026,1026,13,0,1,0,0,1,none,sustained,358.27,561.73
2026-01-28T14:28:05.576338,4,3.31,0.51,96.18,396,832,0.29,1526.46,2389.36,0.0,13,26,0,0,0,0,0,13,0,1,0,0,1,none,sustained,358.63,561.37
2026-01-28T14:28:06.939813,4,0.4,0.6,99.0,548,722,0.35,1513.98,2401.84,0.0,13,26,0,0,0,1856,1856,13,0,1,0,0,1,none,sustained,355.70,564.30
2026-01-28T14:28:08.242274,4,0.0,0.0,100.0,162,427,0.35,1511.57,2404.25,0.0,13,26,0,0,0,0,0,13,0,1,0,0,1,none,sustained,355.13,564.87
2026-01-28T14:28:09.549065,4,2.4,0.8,96.81,440,881,0.35,1504.25,2411.57,0.0,13,26,0,0,0,928,928,13,0,1,0,0,1,none,sustained,353.42,566.58
2026-01-28T14:28:10.834906,4,5.35,1.03,93.62,639,1304,0.32,1512.72,2403.11,0.0,13,26,0,0,0,970,970,13,0,1,0,0,1,none,sustained,355.40,564.60
2026-01-28T14:28:11.959778,4,1.16,0.46,98.38,299,589,0.32,1513.72,2402.11,0.0,13,26,0,0,0,928,928,13,0,1,0,0,1,none,sustained,355.64,564.36
2026-01-28T14:28:12.988829,4,0.77,0.51,98.72,192,465,0.32,1513.96,2401.87,0.0,13,26,0,0,0,928,928,13,0,1,0,0,1,none,sustained,355.70,564.30
2026-01-28T14:28:14.239136,4,1.05,0.42,98.53,314,597,0.32,1513.42,2402.41,0.0,13,26,0,0,0,928,928,13,0,1,0,0,1,none,sustained,355.57,564.43
2026-01-28T14:28:15.363898,4,3.9,0.73,95.37,652,1124,0.32,1506.71,2409.11,0.0,13,26,0,0,0,1026,1026,13,0,1,0,0,1,none,sustained,353.99,566.01
2026-01-28T14:28:16.922784,4,0.16,0.0,99.84,137,178,0.29,1506.71,2409.11,0.0,13,26,0,0,0,0,0,13,0,1,0,0,1,none,sustained,353.99,566.01
2026-01-28T14:28:18.389463,4,0.92,0.55,98.52,566,862,0.29,1510.3,2405.53,0.0,13,26,0,0,0,1856,1856,13,0,1,0,0,1,none,sustained,354.84,565.16
2026-01-28T14:28:19.418631,4,1.01,0.76,98.23,277,507,0.29,1513.0,2402.82,0.0,13,26,0,0,0,0,0,13,0,1,0,0,1,none,sustained,355.47,564.53
2026-01-28T14:28:20.443419,4,2.86,0.52,96.61,393,863,0.29,1511.97,2403.85,0.0,13,26,0,0,0,928,928,13,0,1,0,0,1,none,sustained,355.23,564.77
2026-01-28T14:28:21.486091,4,3.02,0.5,96.47,295,749,0.43,1518.87,2396.96,0.0,13,26,0,0,0,928,928,13,0,1,0,0,1,none,sustained,356.85,563.15
2026-01-28T14:28:22.517986,4,2.81,1.02,96.17,415,923,0.43,1516.12,2399.7,0.0,13,26,0,0,0,928,928,13,0,1,0,0,1,none,sustained,356.20,563.80
2026-01-28T14:28:23.555763,4,1.03,0.26,98.71,332,993,0.43,1517.17,2398.66,0.0,13,26,0,0,0,928,928,13,0,1,0,0,1,none,sustained,356.45,563.55
2026-01-28T14:28:24.584851,4,0.25,0.0,99.75,80,189,0.43,1517.17,2398.66,0.0,13,26,0,0,0,0,0,13,0,1,0,0,1,none,sustained,356.45,563.55
2026-01-28T14:28:25.615866,4,4.79,1.33,93.88,542,1129,0.43,1511.57,2404.25,0.0,13,26,0,0,0,1026,1026,13,0,1,0,0,1,none,sustained,355.13,564.87
2026-01-28T14:28:26.650473,4,1.77,0.25,97.97,288,516,0.4,1513.62,2402.21,0.0,13,26,0,0,0,928,928,13,0,1,0,0,1,none,sustained,355.62,564.38
2026-01-28T14:28:27.678506,4,2.56,0.77,96.67,413,747,0.4,1518.32,2397.51,0.0,13,26,0,0,0,928,928,13,0,1,0,0,1,none,sustained,356.72,563.28
2026-01-28T14:28:28.700225,4,0.75,0.0,99.25,166,332,0.4,1518.2,2397.62,0.0,13,26,0,0,0,0,0,13,0,1,0,0,1,none,sustained,356.69,563.31
2026-01-28T14:28:29.726067,4,2.32,0.26,97.42,316,611,0.4,1520.91,2394.91,0.0,13,26,0,0,0,928,928,13,0,1,0,0,1,none,sustained,357.33,562.67
2026-01-28T14:28:30.757015,4,3.44,0.79,95.77,567,1119,0.44,1519.67,2396.16,0.0,13,26,0,0,0,928,928,13,0,1,0,0,1,none,sustained,357.04,562.96
2026-01-28T14:28:31.792879,4,2.76,0.25,96.98,319,626,0.44,1520.34,2395.48,0.0,13,26,0,0,0,928,928,13,0,1,0,0,1,none,sustained,357.20,562.80
2026-01-28T14:28:32.827967,4,0.25,0.0,99.75,155,220,0.44,1520.34,2395.48,0.0,13,26,0,0,0,0,0,13,0,1,0,0,1,none,sustained,357.20,562.80
2026-01-28T14:28:33.861539,4,0.0,0.0,100.0,79,81,0.44,1520.34,2395.48,0.0,13,26,0,0,0,0,0,13,0,1,0,0,1,none,sustained,357.20,562.80
2026-01-28T14:28:34.900650,4,0.0,0.24,99.76,81,127,0.44,1520.34,2395.48,0.0,13,26,0,0,0,0,0,13,0,1,0,0,1,none,sustained,357.20,562.80
2026-01-28T14:28:35.929813,4,8.73,2.38,88.89,654,1235,0.49,1506.41,2409.41,0.0,13,26,0,0,0,1026,1026,13,0,1,0,0,1,none,sustained,353.92,566.08
2026-01-28T14:28:36.963580,4,0.25,0.0,99.75,119,215,0.49,1506.4,2409.43,0.0,13,26,0,0,0,0,0,13,0,1,0,0,1,none,sustained,353.92,566.08
2026-01-28T14:28:37.995882,4,2.78,0.51,96.72,302,637,0.49,1506.18,2409.64,0.0,13,26,0,0,0,928,928,13,0,1,0,0,1,none,sustained,353.87,566.13
2026-01-28T14:28:39.025685,4,0.25,0.25,99.49,252,213,0.49,1506.18,2409.64,0.0,13,26,0,0,0,0,0,13,0,1,0,0,1,none,sustained,353.87,566.13
2026-01-28T14:28:40.044940,4,0.51,0.26,99.23,269,344,0.49,1504.89,2410.94,0.0,13,26,0,0,0,928,928,13,0,1,0,0,1,none,sustained,353.56,566.44
2026-01-28T14:28:41.076333,4,1.8,0.51,97.69,345,657,0.45,1512.33,2403.49,0.0,13,26,0,0,0,1012,1012,13,0,1,0,0,1,none,sustained,355.31,564.69
2026-01-28T14:28:42.102260,4,5.68,1.29,93.02,494,1101,0.45,1510.04,2405.79,0.0,13,26,0,0,0,928,928,13,0,1,0,0,1,none,sustained,354.77,565.23
2026-01-28T14:28:43.144268,4,3.02,0.75,96.23,312,662,0.45,1517.48,2398.34,0.0,13,26,0,0,0,928,928,13,0,1,0,0,1,none,sustained,356.52,563.48
2026-01-28T14:28:44.178322,4,1.04,0.26,98.7,241,884,0.45,1517.48,2398.34,0.0,13,26,0,0,0,928,928,13,0,1,0,0,1,none,sustained,356.52,563.48
2026-01-28T14:28:45.207355,4,2.29,0.51,97.2,267,616,0.45,1517.73,2398.1,0.0,13,26,0,0,0,928,928,13,0,1,0,0,1,none,sustained,356.58,563.42
2026-01-28T14:28:46.232187,4,1.79,0.51,97.69,316,697,0.41,1518.96,2396.87,0.0,13,26,0,0,0,98,98,13,0,1,0,0,1,none,sustained,356.87,563.13
2026-01-28T14:28:47.260683,4,4.4,1.04,94.56,442,817,0.41,1510.39,2405.43,0.0,13,26,0,0,0,928,928,13,0,1,0,0,1,none,sustained,354.86,565.14
2026-01-28T14:28:48.299929,4,3.77,0.75,95.48,325,898,0.41,1515.93,2399.9,0.0,13,26,0,0,0,928,928,13,0,1,0,0,1,none,sustained,356.16,563.84
2026-01-28T14:28:50.048310,4,0.75,0.15,99.1,358,737,0.41,1519.37,2396.46,0.0,13,26,0,0,0,928,928,13,0,1,0,0,1,none,sustained,356.97,563.03
2026-01-28T14:28:51.087132,4,0.49,0.24,99.27,153,218,0.38,1519.37,2396.46,0.0,13,26,0,0,0,0,0,13,0,1,0,0,1,none,sustained,356.97,563.03
2026-01-28T14:28:52.117181,4,4.96,0.78,94.26,576,1049,0.38,1512.1,2403.72,0.0,13,26,0,0,0,928,928,13,0,1,0,0,1,none,sustained,355.26,564.74
2026-01-28T14:28:53.143192,4,2.31,0.77,96.92,357,578,0.38,1515.15,2400.67,0.0,13,26,0,0,0,928,928,13,0,1,0,0,1,none,sustained,355.98,564.02
2026-01-28T14:28:54.170463,4,0.25,0.0,99.75,131,166,0.38,1515.15,2400.67,0.0,13,26,0,0,0,0,0,13,0,1,0,0,1,none,sustained,355.98,564.02
2026-01-28T14:28:55.201770,4,0.52,0.52,98.96,318,472,0.38,1523.73,2392.09,0.0,13,26,0,0,0,928,928,13,0,1,0,0,1,none,sustained,357.99,562.01
2026-01-28T14:28:56.235337,4,0.5,0.25,99.25,217,253,0.35,1520.41,2395.42,0.0,13,26,0,0,0,0,0,13,0,1,0,0,1,none,sustained,357.21,562.79
2026-01-28T14:28:57.252457,4,0.53,0.0,99.47,217,351,0.35,1523.29,2392.54,0.0,13,26,0,0,0,1026,1026,13,0,1,0,0,1,none,sustained,357.89,562.11
2026-01-28T14:28:58.281329,4,4.43,1.04,94.53,472,816,0.35,1511.02,2404.81,0.0,13,26,0,0,0,928,928,13,0,1,0,0,1,none,sustained,355.00,565.00
2026-01-28T14:28:59.314006,4,0.0,0.0,100.0,147,163,0.35,1511.02,2404.81,0.0,13,26,0,0,0,0,0,13,0,1,0,0,1,none,sustained,355.00,565.00
2026-01-28T14:29:00.339621,4,0.78,0.78,98.44,398,505,0.35,1511.96,2403.87,0.0,13,26,0,0,0,928,928,13,0,1,0,0,1,none,sustained,355.23,564.77
2026-01-28T14:29:01.373909,4,0.0,0.25,99.75,91,149,0.32,1511.96,2403.87,0.0,13,26,0,0,0,0,0,13,0,1,0,0,1,none,sustained,355.23,564.77
2026-01-28T14:29:02.400761,4,3.32,0.51,96.17,384,597,0.32,1519.96,2395.87,0.0,13,26,0,0,0,928,928,13,0,1,0,0,1,none,sustained,357.11,562.89
2026-01-28T14:29:03.441600,4,5.05,1.01,93.94,402,958,0.32,1524.2,2391.62,0.0,13,26,0,0,0,928,928,13,0,1,0,0,1,none,sustained,358.10,561.90
2026-01-28T14:29:04.465049,4,0.25,0.0,99.75,138,213,0.32,1524.2,2391.63,0.0,13,26,0,0,0,0,0,13,0,1,0,0,1,none,sustained,358.10,561.90
2026-01-28T14:29:05.491241,4,0.77,0.51,98.71,193,393,0.32,1518.2,2397.63,0.0,13,26,0,0,0,928,928,13,0,1,0,0,1,none,sustained,356.69,563.31
2026-01-28T14:29:06.557653,4,8.0,1.0,91.0,553,1371,0.3,1522.2,2393.63,0.0,13,26,0,0,0,1026,1026,13,0,1,0,0,1,none,sustained,357.63,562.37
2026-01-28T14:29:07.594967,4,0.51,0.51,98.97,225,407,0.3,1510.44,2405.38,0.0,13,26,0,0,0,928,928,13,0,1,0,0,1,none,sustained,354.87,565.13
2026-01-28T14:29:08.622837,4,4.4,1.04,94.56,388,760,0.3,1519.12,2396.71,0.0,13,26,0,0,0,928,928,13,0,1,0,0,1,none,sustained,356.91,563.09
2026-01-28T14:29:09.650981,4,0.25,0.25,99.5,135,353,0.3,1517.77,2398.05,0.0,13,26,0,0,0,0,0,13,0,1,0,0,1,none,sustained,356.59,563.41
2026-01-28T14:29:10.673947,4,0.78,0.52,98.71,301,512,0.3,1515.8,2400.02,0.0,13,26,0,0,0,928,928,13,0,1,0,0,1,none,sustained,356.13,563.87
2026-01-28T14:29:11.700011,4,3.31,0.25,96.44,273,571,0.27,1521.77,2394.05,0.0,13,26,0,0,0,928,928,13,0,1,0,0,1,none,sustained,357.53,562.47
2026-01-28T14:29:12.734853,4,0.0,0.0,100.0,130,114,0.27,1521.61,2394.22,0.0,13,26,0,0,0,970,970,13,0,1,0,0,1,none,sustained,357.49,562.51
2026-01-28T14:29:13.762243,4,2.08,0.52,97.4,356,620,0.27,1516.79,2399.04,0.0,13,26,0,0,0,928,928,13,0,1,0,0,1,none,sustained,356.36,563.64
2026-01-28T14:29:14.799789,4,2.36,0.52,97.11,428,748,0.27,1519.49,2396.33,0.0,13,26,0,0,0,928,928,13,0,1,0,0,1,none,sustained,357.00,563.00
2026-01-28T14:29:15.947679,4,0.23,0.0,99.77,256,409,0.25,1519.48,2396.34,0.0,13,26,0,0,0,928,928,13,0,1,0,0,1,none,sustained,356.99,563.01
2026-01-28T14:29:17.322745,4,1.57,0.59,97.84,372,751,0.25,1517.77,2398.05,0.0,13,26,0,0,0,1026,1026,13,0,1,0,0,1,none,sustained,356.59,563.41
2026-01-28T14:29:18.453789,4,0.24,0.47,99.29,279,579,0.25,1509.75,2406.07,0.0,13,26,0,0,0,928,928,13,0,1,0,0,1,none,sustained,354.71,565.29
2026-01-28T14:29:19.612791,4,0.9,0.45,98.65,242,588,0.25,1509.12,2406.71,0.0,13,26,0,0,0,0,0,13,0,1,0,0,1,none,sustained,354.56,565.44
2026-01-28T14:29:20.668109,4,3.23,0.99,95.78,345,760,0.25,1513.12,2402.71,0.0,13,26,0,0,0,928,928,13,0,1,0,0,1,none,sustained,355.50,564.50
2026-01-28T14:29:21.688228,4,0.52,0.0,99.48,307,529,0.23,1513.65,2402.18,0.0,13,26,0,0,0,928,928,13,0,1,0,0,1,none,sustained,355.62,564.38
2026-01-28T14:29:22.820145,4,0.47,0.71,98.82,244,524,0.23,1518.72,2397.1,0.0,13,26,0,0,0,970,970,13,0,1,0,0,1,none,sustained,356.81,563.19
2026-01-28T14:29:23.847602,4,3.82,0.76,95.42,346,773,0.23,1519.33,2396.49,0.0,13,26,0,0,0,928,928,13,0,1,0,0,1,none,sustained,356.96,563.04
2026-01-28T14:29:24.941214,4,1.99,0.75,97.26,392,832,0.23,1522.04,2393.79,0.0,13,26,0,0,0,928,928,13,0,1,0,0,1,none,sustained,357.59,562.41
2026-01-28T14:29:25.969943,4,3.08,0.51,96.41,350,764,0.21,1516.38,2399.44,0.0,13,26,0,0,0,928,928,13,0,1,0,0,1,none,sustained,356.26,563.74
2026-01-28T14:29:27.005357,4,0.77,0.26,98.98,286,458,0.21,1519.39,2396.43,0.0,13,26,0,0,0,98,98,13,0,1,0,0,1,none,sustained,356.97,563.03
2026-01-28T14:29:28.064731,4,0.75,0.25,99.0,164,483,0.21,1523.58,2392.24,0.0,13,26,0,0,0,928,928,13,0,1,0,0,1,none,sustained,357.96,562.04
2026-01-28T14:29:29.259168,4,0.45,0.22,99.33,283,579,0.21,1523.82,2392.0,0.0,13,26,0,0,0,928,928,13,0,1,0,0,1,none,sustained,358.01,561.99
2026-01-28T14:29:30.788822,4,4.09,0.68,95.23,591,1198,0.19,1520.07,2395.75,0.0,12,24,0,0,0,928,928,12,0,1,0,0,1,none,sustained,357.13,562.87
2026-01-28T14:29:32.002190,4,1.31,0.65,98.04,357,749,0.19,1524.07,2391.75,0.0,13,26,0,0,0,928,928,13,0,1,0,0,1,none,sustained,358.07,561.93
2026-01-28T14:29:33.039003,4,3.74,0.75,95.51,281,858,0.19,1520.32,2395.51,0.0,13,26,0,0,0,928,928,13,0,1,0,0,1,none,decay,357.19,562.81
2026-01-28T14:29:34.073472,4,0.78,0.0,99.22,322,505,0.19,1520.17,2395.65,0.0,13,26,0,0,0,928,928,13,0,1,0,0,1,none,decay,357.16,562.84
2026-01-28T14:29:35.101113,4,5.97,1.3,92.73,537,1213,0.19,1517.7,2398.13,0.0,13,26,0,0,0,928,928,13,0,1,0,0,1,none,decay,356.57,563.43
2026-01-28T14:29:36.129467,4,3.57,0.77,95.66,339,683,0.18,1516.43,2399.39,0.0,13,26,0,0,0,928,928,13,0,1,0,0,1,none,decay,356.28,563.72
2026-01-28T14:29:37.206234,4,1.67,0.72,97.61,300,587,0.18,1517.27,2398.55,0.0,13,24,0,0,0,0,0,13,0,1,0,0,1,none,decay,356.47,563.53
2026-01-28T14:29:38.246280,4,4.6,1.02,94.37,498,944,0.18,1511.51,2404.31,0.0,13,26,0,0,0,1026,1026,13,0,1,0,0,1,none,decay,355.12,564.88
2026-01-28T14:29:39.278709,4,0.26,0.26,99.48,250,434,0.18,1507.92,2407.9,0.0,13,26,0,0,0,928,928,13,0,1,0,0,1,none,decay,354.28,565.72
2026-01-28T14:29:40.309967,4,1.6,0.8,97.61,492,571,0.18,1516.11,2399.72,0.0,13,26,0,0,0,928,928,13,0,1,0,0,1,none,decay,356.20,563.80
2026-01-28T14:29:41.346496,4,1.79,0.26,97.95,398,775,0.16,1513.29,2402.53,0.0,13,26,0,0,0,928,928,13,0,1,0,0,1,none,decay,355.54,564.46
2026-01-28T14:29:42.377393,4,2.31,0.51,97.17,281,739,0.16,1510.81,2405.02,0.0,13,26,0,0,0,928,928,13,0,1,0,0,1,none,decay,354.96,565.04
2026-01-28T14:29:43.397379,4,0.5,0.0,99.5,149,443,0.16,1510.81,2405.02,0.0,13,26,0,0,0,42,42,13,0,1,0,0,1,none,decay,354.96,565.04
2026-01-28T14:29:44.426711,4,1.04,0.26,98.7,297,509,0.16,1510.77,2405.05,0.0,13,26,0,0,0,928,928,13,0,1,0,0,1,none,decay,354.95,565.05
2026-01-28T14:29:45.461789,4,3.39,1.04,95.56,442,1021,0.16,1512.6,2403.22,0.0,13,26,0,0,0,928,928,13,0,1,0,0,1,none,decay,355.38,564.62
2026-01-28T14:29:46.488376,4,0.78,0.52,98.71,281,478,0.15,1516.85,2398.98,0.0,13,26,0,0,0,928,928,13,0,1,0,0,1,none,decay,356.37,563.63
2026-01-28T14:29:47.515599,4,0.0,0.0,100.0,93,200,0.15,1516.85,2398.98,0.0,13,26,0,0,0,0,0,13,0,1,0,0,1,none,decay,356.37,563.63
2026-01-28T14:29:48.542043,4,2.37,0.26,97.36,387,632,0.15,1514.62,2401.21,0.0,13,26,0,0,0,1026,1026,13,0,1,0,0,1,none,decay,355.85,564.15
2026-01-28T14:29:49.571632,4,2.05,0.26,97.69,299,537,0.15,1518.97,2396.85,0.0,13,26,0,0,0,928,928,13,0,1,0,0,1,none,decay,356.87,563.13
2026-01-28T14:29:50.603356,4,3.62,0.78,95.61,387,833,0.15,1509.93,2405.9,0.0,13,26,0,0,0,928,928,13,0,1,0,0,1,none,decay,354.75,565.25
2026-01-28T14:29:51.638675,4,2.06,0.51,97.43,393,723,0.14,1516.46,2399.37,0.0,13,26,0,0,0,928,928,13,0,1,0,0,1,none,decay,356.28,563.72
2026-01-28T14:29:52.667085,4,0.25,0.0,99.75,190,355,0.14,1516.46,2399.37,0.0,13,26,0,0,0,0,0,13,0,1,0,0,1,none,decay,356.28,563.72
2026-01-28T14:29:53.699348,4,1.28,0.26,98.46,271,561,0.14,1516.62,2399.21,0.0,13,26,0,0,0,928,928,13,0,1,0,0,1,none,decay,356.32,563.68
2026-01-28T14:29:54.732419,4,2.8,0.51,96.69,394,592,0.14,1509.17,2406.66,0.0,13,26,0,0,0,928,928,13,0,1,0,0,1,none,decay,354.57,565.43
2026-01-28T14:29:55.769091,4,2.09,0.52,97.38,403,588,0.13,1502.75,2413.07,0.0,13,26,0,0,0,928,928,13,0,1,0,0,1,none,decay,353.06,566.94
2026-01-28T14:29:56.797317,4,0.25,0.0,99.75,238,378,0.13,1506.75,2409.07,0.0,13,26,0,0,0,0,0,13,0,1,0,0,1,none,decay,354.00,566.00
2026-01-28T14:29:58.214307,4,1.53,0.38,98.08,432,551,0.13,1504.15,2411.67,0.0,12,24,0,0,0,1954,1954,12,0,1,0,0,1,none,decay,353.39,566.61
2026-01-28T14:29:59.234730,4,1.26,0.25,98.49,183,443,0.13,1504.15,2411.67,0.0,13,26,0,0,0,0,0,13,0,1,0,0,1,none,decay,353.39,566.61
2026-01-28T14:30:00.294367,4,1.97,0.25,97.78,301,489,0.13,1508.4,2407.43,0.0,13,26,0,0,0,928,928,13,0,1,0,0,1,none,decay,354.39,565.61
2026-01-28T14:30:01.383996,4,2.48,0.99,96.53,499,791,0.12,1501.62,2414.2,0.0,13,26,0,0,0,928,928,13,0,1,0,0,1,none,decay,352.80,567.20
2026-01-28T14:30:02.442138,4,3.45,0.74,95.81,373,742,0.12,1505.86,2409.96,0.0,13,26,0,0,0,928,928,13,0,1,0,0,1,none,decay,353.79,566.21
2026-01-28T14:30:03.474280,4,3.09,0.77,96.13,527,1086,0.12,1506.29,2409.54,0.0,13,26,0,0,0,928,928,13,0,1,0,0,1,none,decay,353.89,566.11
2026-01-28T14:30:04.570745,4,1.22,0.73,98.05,297,694,0.12,1510.63,2405.2,0.0,13,26,0,0,0,970,970,13,0,1,0,0,1,none,decay,354.91,565.09
2026-01-28T14:30:05.600843,4,1.6,0.8,97.61,362,792,0.12,1506.97,2408.86,0.0,13,26,0,0,0,928,928,13,0,1,0,0,1,none,decay,354.05,565.95
2026-01-28T14:30:06.669615,4,5.72,1.0,93.28,525,1223,0.11,1503.18,2412.65,0.0,13,26,0,0,0,928,928,13,0,1,0,0,1,none,decay,353.16,566.84
2026-01-28T14:30:07.717784,4,1.5,0.5,98.0,205,535,0.11,1503.32,2412.5,0.0,13,26,0,0,0,354,354,13,0,2,0,0,1,none,decay,353.20,566.80
2026-01-28T14:30:08.962677,4,2.39,0.65,96.96,405,1014,0.11,1517.22,2398.6,0.0,13,26,0,0,0,1600,1600,13,0,1,0,0,1,none,decay,356.46,563.54
2026-01-28T14:30:09.983992,4,0.0,0.0,100.0,154,446,0.11,1517.32,2398.5,0.0,13,24,0,0,0,0,0,13,0,1,0,0,1,none,decay,356.49,563.51
2026-01-28T14:30:11.157082,4,3.43,0.92,95.65,495,1088,0.18,1518.06,2397.76,0.0,13,26,0,0,0,928,928,13,0,1,0,0,1,none,decay,356.66,563.34
2026-01-28T14:30:12.267660,4,3.05,0.7,96.24,358,891,0.18,1518.05,2397.77,0.0,13,26,0,0,0,928,928,13,0,1,0,0,1,none,decay,356.66,563.34
2026-01-28T14:30:13.379488,4,1.42,0.24,98.34,318,545,0.18,1510.79,2405.03,0.0,13,26,0,0,0,928,928,13,0,1,0,0,1,none,decay,354.95,565.05
2026-01-28T14:30:14.647129,4,1.45,0.41,98.13,383,573,0.18,1514.15,2401.68,0.0,13,26,0,0,0,970,970,13,0,1,0,0,1,none,decay,355.74,564.26
2026-01-28T14:30:16.794217,4,0.12,0.12,99.76,332,286,0.24,1514.15,2401.68,0.0,13,26,0,0,0,0,0,13,0,1,0,0,1,none,decay,355.74,564.26
2026-01-28T14:30:17.827743,4,6.03,1.01,92.96,431,944,0.24,1514.08,2401.74,0.0,13,26,0,0,0,928,928,13,0,1,0,0,1,none,decay,355.72,564.28
2026-01-28T14:30:18.857677,4,1.62,0.54,97.84,1836,2291,0.24,1520.51,2395.31,0.0,13,24,0,0,0,1026,1026,13,0,1,0,0,1,none,decay,357.24,562.76
2026-01-28T14:30:19.892757,4,0.75,0.25,99.0,120,231,0.24,1522.23,2393.59,0.0,13,26,0,0,0,0,0,13,0,1,0,0,1,none,decay,357.64,562.36
2026-01-28T14:30:20.925231,4,2.29,0.25,97.46,259,604,0.22,1523.43,2392.4,0.0,13,26,0,0,0,928,928,13,0,1,0,0,1,none,decay,357.92,562.08
2026-01-28T14:30:21.955741,4,3.07,0.26,96.68,319,758,0.22,1517.16,2398.66,0.0,13,26,0,0,0,928,928,13,0,1,0,0,1,none,decay,356.45,563.55
2026-01-28T14:30:22.984821,4,1.53,0.77,97.7,272,527,0.22,1513.56,2402.26,0.0,13,26,0,0,0,0,0,13,0,1,0,0,1,none,decay,355.60,564.40
2026-01-28T14:30:24.045519,4,0.25,0.0,99.75,198,378,0.22,1517.46,2398.36,0.0,13,26,0,0,0,928,928,13,0,1,0,0,1,none,decay,356.52,563.48
2026-01-28T14:30:25.074824,4,3.05,1.02,95.93,361,686,0.22,1519.68,2396.15,0.0,13,26,0,0,0,928,928,13,0,1,0,0,1,none,decay,357.04,562.96
2026-01-28T14:30:26.110917,4,1.25,0.25,98.5,183,405,0.21,1523.23,2392.59,0.0,13,26,0,0,0,0,0,13,0,1,0,0,1,none,decay,357.87,562.13
2026-01-28T14:30:27.160855,4,0.74,0.25,99.01,173,368,0.21,1518.31,2397.52,0.0,13,26,0,0,0,928,928,13,0,1,0,0,1,none,decay,356.72,563.28
2026-01-28T14:30:28.204359,4,1.57,0.79,97.64,492,852,0.21,1515.45,2400.38,0.0,13,26,0,0,0,928,928,13,0,1,0,0,1,none,decay,356.05,563.95
2026-01-28T14:30:29.235094,4,3.12,0.52,96.36,369,794,0.21,1518.15,2397.68,0.0,13,26,0,0,0,928,1026,13,0,1,0,0,1,none,decay,356.68,563.32
2026-01-28T14:30:30.260914,4,4.33,0.51,95.17,315,1020,0.21,1513.84,2401.98,0.0,13,26,0,0,0,1026,928,13,0,1,0,0,1,none,decay,355.67,564.33
2026-01-28T14:30:31.288769,4,2.04,0.51,97.46,234,535,0.19,1517.45,2398.38,0.0,13,26,0,0,0,928,928,13,0,1,0,0,1,none,decay,356.52,563.48
2026-01-28T14:30:32.309932,4,1.52,0.25,98.23,203,472,0.19,1517.55,2398.27,0.0,13,26,0,0,0,0,0,13,0,1,0,0,1,none,decay,356.54,563.46
2026-01-28T14:30:33.339894,4,1.07,0.27,98.66,339,738,0.19,1517.7,2398.12,0.0,13,26,0,0,0,928,928,13,0,1,0,0,1,none,decay,356.58,563.42
2026-01-28T14:30:34.369874,4,2.8,0.76,96.44,313,713,0.19,1517.7,2398.12,0.0,13,26,0,0,0,928,928,13,0,1,0,0,1,none,decay,356.58,563.42
2026-01-28T14:30:35.408592,4,1.03,0.26,98.71,291,772,0.19,1511.46,2404.36,0.0,13,26,0,0,0,928,928,13,0,1,0,0,1,none,decay,355.11,564.89
2026-01-28T14:30:36.443544,4,9.73,4.32,85.95,3512,2211,0.17,1508.85,2406.98,0.0,13,26,0,0,0,928,928,13,0,1,0,0,1,none,decay,354.49,565.51
2026-01-28T14:30:37.469856,4,4.97,1.57,93.46,497,1066,0.17,1497.33,2418.49,0.0,13,26,0,0,0,928,928,13,0,1,0,0,1,none,decay,351.79,568.21
2026-01-28T14:30:38.500998,4,3.17,1.32,95.51,603,1058,0.17,1494.57,2421.25,0.0,13,26,0,0,0,928,928,13,0,1,0,0,1,none,decay,351.14,568.86
2026-01-28T14:30:39.523416,4,2.79,0.51,96.7,326,831,0.17,1498.86,2416.96,0.0,13,26,0,0,0,98,98,13,0,1,0,0,1,none,decay,352.15,567.85
2026-01-28T14:30:40.553954,4,2.53,1.01,96.46,257,563,0.17,1492.6,2423.22,0.0,13,26,0,0,0,928,928,13,0,1,0,0,1,none,decay,350.68,569.32
2026-01-28T14:30:41.582445,4,1.06,0.53,98.41,684,883,0.24,1493.42,2422.4,0.0,13,26,0,0,0,928,928,13,0,1,0,0,1,none,decay,350.87,569.13
2026-01-28T14:30:42.612603,4,3.77,0.5,95.73,365,795,0.24,1487.48,2428.34,0.0,13,26,0,0,0,928,928,13,0,1,0,0,1,none,decay,349.48,570.52
2026-01-28T14:30:43.641292,4,2.55,0.77,96.68,408,903,0.24,1486.91,2428.92,0.0,13,26,0,0,0,0,0,13,0,1,0,0,1,none,decay,349.34,570.66
2026-01-28T14:30:44.672634,4,2.55,0.51,96.94,331,670,0.24,1485.6,2430.22,0.0,13,26,0,0,0,1012,1012,13,0,1,0,0,1,none,decay,349.03,570.97
2026-01-28T14:30:45.707642,4,0.0,0.0,100.0,98,281,0.24,1485.6,2430.22,0.0,13,26,0,0,0,0,0,13,0,1,0,0,1,none,decay,349.03,570.97
2026-01-28T14:30:46.742335,4,3.8,0.76,95.44,404,825,0.22,1489.6,2426.22,0.0,13,26,0,0,0,928,928,13,0,1,0,0,1,none,decay,349.97,570.03
2026-01-28T14:30:47.771313,4,2.56,0.77,96.68,322,747,0.22,1490.48,2425.34,0.0,13,26,0,0,0,928,928,13,0,1,0,0,1,none,decay,350.18,569.82
2026-01-28T14:30:48.797270,4,0.0,0.25,99.75,129,192,0.22,1490.59,2425.24,0.0,13,26,0,0,0,0,0,13,0,1,0,0,1,none,decay,350.20,569.80
2026-01-28T14:30:49.827895,4,5.84,1.33,92.84,564,1129,0.22,1472.8,2443.03,0.0,13,26,0,0,0,1026,1026,13,0,1,0,0,1,none,decay,346.03,573.97
2026-01-28T14:30:50.858914,4,2.08,0.52,97.4,394,685,0.2,1476.89,2438.93,0.0,13,26,0,0,0,928,928,13,0,1,0,0,1,none,decay,346.99,573.01
2026-01-28T14:30:51.893629,4,2.54,0.51,96.95,347,793,0.2,1481.03,2434.8,0.0,13,26,0,0,0,928,928,13,0,1,0,0,1,none,decay,347.96,572.04
2026-01-28T14:30:52.921091,4,2.83,0.51,96.66,316,719,0.2,1488.47,2427.35,0.0,13,26,0,0,0,928,928,13,0,1,0,0,1,none,decay,349.71,570.29
2026-01-28T14:30:53.963024,4,0.26,0.26,99.48,274,358,0.2,1495.99,2419.83,0.0,13,26,0,0,0,928,928,13,0,1,0,0,1,none,decay,351.47,568.53
2026-01-28T14:30:54.984749,4,1.28,0.51,98.21,375,633,0.2,1493.32,2422.51,0.0,13,26,0,0,0,0,0,13,0,1,0,0,1,none,decay,350.85,569.15
2026-01-28T14:30:56.017544,4,1.29,0.26,98.45,342,465,0.19,1492.16,2423.66,0.0,13,26,0,0,0,928,928,13,0,1,0,0,1,none,decay,350.57,569.43
2026-01-28T14:30:57.060276,4,3.02,0.75,96.23,333,727,0.19,1489.26,2426.57,0.0,13,26,0,0,0,928,928,13,0,1,0,0,1,none,decay,349.89,570.11
2026-01-28T14:30:58.093931,4,3.54,0.25,96.21,320,743,0.19,1476.02,2439.81,0.0,13,26,0,0,0,928,928,13,0,1,0,0,1,none,decay,346.78,573.22
2026-01-28T14:30:59.132870,4,0.25,0.25,99.5,161,365,0.19,1476.09,2439.73,0.0,13,26,0,0,0,0,0,13,0,1,0,0,1,none,decay,346.80,573.20
2026-01-28T14:31:00.166615,4,6.4,1.6,92.0,753,1449,0.19,1478.46,2437.37,0.0,13,26,0,0,0,1026,1026,13,0,1,0,0,1,none,decay,347.36,572.64
2026-01-28T14:31:01.200623,4,0.25,0.0,99.75,120,259,0.17,1478.46,2437.37,0.0,13,26,0,0,0,0,0,13,0,1,0,0,1,none,decay,347.36,572.64
2026-01-28T14:31:02.224627,4,3.19,1.6,95.21,1254,1356,0.17,1481.04,2434.79,0.0,13,26,0,0,0,928,928,13,0,1,0,0,1,none,decay,347.96,572.04
2026-01-28T14:31:03.397242,4,4.08,2.3,93.62,2366,1350,0.17,1477.29,2438.54,0.0,13,26,0,0,0,928,928,13,0,1,0,0,1,none,decay,347.08,572.92
2026-01-28T14:31:04.813809,4,2.66,0.95,96.39,971,890,0.17,1477.5,2438.33,0.0,13,26,0,0,0,928,928,13,0,1,0,0,1,none,decay,347.13,572.87
2026-01-28T14:31:05.890746,4,3.05,1.27,95.69,783,1252,0.16,1497.54,2418.29,0.0,13,26,0,0,0,928,928,13,0,1,0,0,1,none,decay,351.84,568.16
2026-01-28T14:31:06.925358,4,6.53,1.83,91.64,966,1416,0.16,1497.46,2418.36,0.0,13,26,0,0,0,928,928,13,0,1,0,0,1,none,decay,351.82,568.18
2026-01-28T14:31:07.952646,4,2.55,0.51,96.94,412,776,0.16,1497.46,2418.36,0.0,13,26,0,0,0,928,928,13,0,1,0,0,1,none,decay,351.82,568.18
2026-01-28T14:31:08.970181,4,1.03,0.77,98.2,603,761,0.16,1497.46,2418.36,0.0,13,26,0,0,0,0,0,13,0,1,0,0,1,none,decay,351.82,568.18
2026-01-28T14:31:09.996379,4,5.68,1.81,92.51,897,1219,0.16,1492.22,2423.6,0.0,13,26,0,0,0,1026,1026,13,0,1,0,0,1,none,decay,350.59,569.41
2026-01-28T14:31:11.043983,4,3.4,1.57,95.03,1047,1311,0.14,1481.48,2434.34,0.0,13,26,0,0,0,928,928,13,0,1,0,0,1,none,decay,348.07,571.93
2026-01-28T14:31:12.099767,4,3.59,1.54,94.87,964,1135,0.14,1485.49,2430.34,0.0,13,26,0,0,0,928,928,13,0,1,0,0,1,none,decay,349.01,570.99
2026-01-28T14:31:13.189239,4,4.19,1.48,94.33,1208,1253,0.14,1477.24,2438.59,0.0,13,26,0,0,0,928,928,13,0,1,0,0,1,none,decay,347.07,572.93
2026-01-28T14:31:14.225855,4,30.88,20.96,48.16,10257,5011,0.14,1520.34,2395.48,0.0,13,26,0,0,0,928,928,13,0,1,0,0,1,none,decay,357.20,562.80
2026-01-28T14:31:15.248865,4,13.06,11.15,75.8,6317,4197,0.14,1517.13,2398.69,0.0,12,24,0,0,0,928,928,12,0,1,0,0,1,none,decay,356.44,563.56
2026-01-28T14:31:16.364184,4,1.73,0.49,97.78,554,794,0.13,1521.51,2394.32,0.0,13,26,0,0,0,928,928,13,0,1,0,0,1,none,decay,357.47,562.53
2026-01-28T14:31:17.394185,4,0.25,0.0,99.75,130,213,0.13,1521.57,2394.25,0.0,12,24,0,0,0,0,0,12,0,1,0,0,1,none,decay,357.48,562.52
2026-01-28T14:31:18.905997,4,2.65,0.53,96.81,529,960,0.13,1527.05,2388.78,0.0,13,26,0,0,0,1856,1856,13,0,1,0,0,1,none,decay,358.77,561.23
2026-01-28T14:31:19.947356,4,0.5,0.25,99.25,235,365,0.13,1525.61,2390.22,0.0,13,26,0,0,0,0,0,13,0,1,0,0,1,none,decay,358.43,561.57
2026-01-28T14:31:20.976135,4,4.38,2.19,93.42,681,1059,0.12,1523.27,2392.55,0.0,13,26,0,0,0,1026,1026,13,0,1,0,0,1,none,decay,357.88,562.12
2026-01-28T14:31:22.005260,4,1.79,0.51,97.69,361,629,0.12,1529.05,2386.77,0.0,13,26,0,0,0,928,928,13,0,1,0,0,1,none,decay,359.24,560.76
2026-01-28T14:31:23.034628,4,0.25,0.25,99.5,259,340,0.12,1529.43,2386.39,0.0,13,26,0,0,0,0,0,13,0,1,0,0,1,none,decay,359.33,560.67
2026-01-28T14:31:24.057608,4,1.82,1.04,97.14,591,836,0.12,1519.01,2396.82,0.0,13,26,0,0,0,928,928,13,0,1,0,0,1,none,decay,356.88,563.12
2026-01-28T14:31:25.081532,4,1.04,0.26,98.7,374,562,0.12,1516.7,2399.13,0.0,13,26,0,0,0,928,928,13,0,1,0,0,1,none,decay,356.34,563.66
2026-01-28T14:31:26.125945,4,4.39,1.03,94.57,558,903,0.19,1518.68,2397.14,0.0,13,26,0,0,0,970,970,13,0,1,0,0,1,none,decay,356.81,563.19
2026-01-28T14:31:27.152722,4,0.26,0.26,99.48,369,675,0.19,1520.95,2394.88,0.0,12,24,0,0,0,928,928,12,0,1,0,0,1,none,decay,357.34,562.66
2026-01-28T14:31:28.172542,4,0.25,0.25,99.49,175,377,0.19,1521.32,2394.51,0.0,13,26,0,0,0,0,0,13,0,1,0,0,1,none,decay,357.42,562.58
2026-01-28T14:31:29.205017,4,3.05,0.76,96.19,338,677,0.19,1517.01,2398.82,0.0,13,26,0,0,0,928,928,13,0,1,0,0,1,none,decay,356.41,563.59
2026-01-28T14:31:30.256095,4,0.78,0.78,98.45,360,732,0.19,1518.77,2397.06,0.0,13,26,0,0,0,928,1026,13,0,1,0,0,1,none,decay,356.83,563.17
2026-01-28T14:31:31.283662,4,5.97,1.82,92.21,534,1295,0.34,1519.03,2396.8,0.0,13,26,0,0,0,1026,928,13,0,1,0,0,1,none,decay,356.89,563.11
2026-01-28T14:31:32.311366,4,2.31,0.77,96.92,334,659,0.34,1523.77,2392.06,0.0,13,26,0,0,0,928,928,13,0,1,0,0,1,none,decay,358.00,562.00
2026-01-28T14:31:33.332696,4,3.05,0.51,96.45,365,739,0.34,1523.9,2391.93,0.0,13,24,0,0,0,928,928,13,0,1,0,0,1,none,decay,358.03,561.97
2026-01-28T14:31:34.355732,4,1.52,0.51,97.97,369,646,0.34,1517.9,2397.93,0.0,13,26,0,0,0,0,0,13,0,1,0,0,1,none,decay,356.62,563.38
2026-01-28T14:31:35.391706,4,0.77,0.26,98.97,221,523,0.34,1520.68,2395.15,0.0,13,26,0,0,0,928,928,13,0,1,0,0,1,none,decay,357.27,562.73
2026-01-28T14:31:36.424062,4,6.89,1.28,91.84,502,1235,0.31,1518.83,2396.99,0.0,13,26,0,0,0,970,970,13,0,1,0,0,1,none,decay,356.84,563.16
2026-01-28T14:31:37.454177,4,4.44,1.57,93.99,384,1070,0.31,1510.3,2405.53,0.0,13,26,0,0,0,928,928,13,0,1,0,0,1,none,decay,354.84,565.16
2026-01-28T14:31:38.489020,4,0.25,0.0,99.75,115,248,0.31,1510.3,2405.53,0.0,13,26,0,0,0,0,0,13,0,1,0,0,1,none,decay,354.84,565.16
2026-01-28T14:31:39.521736,4,0.52,0.26,99.23,235,300,0.31,1505.9,2409.92,0.0,13,26,0,0,0,928,928,13,0,1,0,0,1,none,decay,353.80,566.20
2026-01-28T14:31:40.551185,4,4.96,1.57,93.47,819,1372,0.31,1503.44,2412.39,0.0,13,26,0,0,0,1026,1026,13,0,1,0,0,1,none,decay,353.22,566.78
2026-01-28T14:31:41.575008,4,4.19,0.79,95.03,449,992,0.29,1507.63,2408.2,0.0,13,26,0,0,0,928,928,13,0,1,0,0,1,none,decay,354.21,565.79
2026-01-28T14:31:42.601994,4,1.76,0.75,97.49,173,510,0.29,1514.16,2401.66,0.0,13,26,0,0,0,0,0,13,0,1,0,0,1,none,decay,355.74,564.26
2026-01-28T14:31:43.627574,4,1.52,0.25,98.22,259,559,0.29,1507.85,2407.97,0.0,13,26,0,0,0,928,928,13,0,1,0,0,1,none,decay,354.26,565.74
2026-01-28T14:31:44.671769,4,0.77,0.51,98.71,471,649,0.29,1506.8,2409.02,0.0,13,26,0,0,0,928,928,13,0,1,0,0,1,none,decay,354.01,565.99
2026-01-28T14:31:45.693275,4,3.34,0.26,96.4,359,726,0.29,1515.29,2400.53,0.0,13,26,0,0,0,928,928,13,0,1,0,0,1,none,decay,356.01,563.99
2026-01-28T14:31:46.724016,4,2.11,0.79,97.11,302,636,0.26,1517.47,2398.36,0.0,13,26,0,0,0,928,928,13,0,1,0,0,1,none,decay,356.52,563.48
2026-01-28T14:31:47.747553,4,0.0,0.0,100.0,113,278,0.26,1517.65,2398.17,0.0,13,26,0,0,0,0,0,13,0,1,0,0,1,none,decay,356.56,563.44
2026-01-28T14:31:48.775988,4,1.04,0.26,98.7,330,518,0.26,1513.65,2402.17,0.0,13,26,0,0,0,928,928,13,0,1,0,0,1,none,decay,355.62,564.38
2026-01-28T14:31:49.806345,4,2.3,0.51,97.19,305,540,0.26,1510.04,2405.79,0.0,13,26,0,0,0,928,928,13,0,1,0,0,1,none,decay,354.77,565.23
2026-01-28T14:31:51.247871,4,0.73,0.18,99.09,348,485,0.24,1514.28,2401.55,0.0,12,24,0,0,0,928,928,12,0,1,0,0,1,none,decay,355.77,564.23
2026-01-28T14:31:52.310174,4,6.8,1.26,91.94,556,1306,0.24,1511.24,2404.59,0.0,13,26,0,0,0,1026,1026,13,0,1,0,0,1,none,decay,355.06,564.94
2026-01-28T14:31:53.358107,4,0.25,0.0,99.75,154,311,0.24,1511.25,2404.57,0.0,13,24,0,0,0,928,928,13,0,1,0,0,1,none,decay,355.06,564.94
2026-01-28T14:31:54.402984,4,0.5,0.25,99.25,309,554,0.24,1511.5,2404.32,0.0,13,24,0,0,0,0,0,13,0,1,0,0,1,none,decay,355.12,564.88
2026-01-28T14:31:55.537027,4,1.39,0.23,98.38,220,559,0.24,1515.5,2400.32,0.0,13,26,0,0,0,928,928,13,0,1,0,0,1,none,decay,356.06,563.94
2026-01-28T14:31:56.890195,4,2.36,0.59,97.05,452,1133,0.38,1511.64,2404.18,0.0,13,26,0,0,0,970,970,13,0,1,0,0,1,none,decay,355.15,564.85
2026-01-28T14:31:57.949276,4,3.23,1.0,95.77,466,1076,0.38,1511.22,2404.6,0.0,13,26,0,0,0,928,928,13,0,1,0,0,1,none,decay,355.05,564.95
2026-01-28T14:31:59.652269,4,1.57,0.47,97.96,548,1238,0.38,1513.19,2402.63,0.0,13,26,0,0,0,1856,1856,13,0,1,0,0,1,none,decay,355.52,564.48
2026-01-28T14:32:00.678789,4,0.53,0.26,99.21,389,542,0.38,1518.67,2397.16,0.0,13,26,0,0,0,928,928,13,0,1,0,0,1,none,decay,356.80,563.20
2026-01-28T14:32:01.718731,4,2.3,0.77,96.93,285,687,0.43,1518.27,2397.56,0.0,13,24,0,0,0,1026,1026,13,0,1,0,0,1,none,decay,356.71,563.29
2026-01-28T14:32:02.746253,4,3.05,0.51,96.44,401,953,0.43,1506.42,2409.41,0.0,13,26,0,0,0,0,0,13,0,1,0,0,1,none,decay,353.92,566.08
2026-01-28T14:32:03.777336,4,1.28,0.51,98.21,281,496,0.43,1514.46,2401.37,0.0,13,26,0,0,0,928,928,13,0,1,0,0,1,none,decay,355.81,564.19
2026-01-28T14:32:04.805355,4,0.79,0.26,98.95,279,509,0.43,1520.62,2395.2,0.0,13,26,0,0,0,928,928,13,0,1,0,0,1,none,decay,357.26,562.74
2026-01-28T14:32:05.837699,4,0.78,0.26,98.96,262,368,0.4,1528.06,2387.76,0.0,13,26,0,0,0,928,928,13,0,1,0,0,1,none,decay,359.01,560.99
2026-01-28T14:32:06.877698,4,0.0,0.0,100.0,73,126,0.4,1528.06,2387.76,0.0,13,26,0,0,0,0,0,13,0,1,0,0,1,none,decay,359.01,560.99
2026-01-28T14:32:07.908237,4,4.59,0.81,94.59,471,844,0.4,1514.2,2401.63,0.0,13,26,0,0,0,928,928,13,0,1,0,0,1,none,decay,355.75,564.25
2026-01-28T14:32:08.947025,4,0.52,0.26,99.23,228,554,0.4,1519.08,2396.75,0.0,13,26,0,0,0,928,928,13,0,1,0,0,1,none,decay,356.90,563.10
2026-01-28T14:32:09.980372,4,0.5,0.25,99.26,185,322,0.4,1519.08,2396.75,0.0,13,26,0,0,0,0,0,13,0,1,0,0,1,none,decay,356.90,563.10
2026-01-28T14:32:11.014056,4,1.04,0.26,98.7,332,573,0.36,1531.75,2384.07,0.0,13,26,0,0,0,928,928,13,0,1,0,0,1,none,decay,359.88,560.12
2026-01-28T14:32:12.056721,4,0.79,0.26,98.95,347,822,0.36,1527.68,2388.15,0.0,13,26,0,0,0,1026,1026,13,0,1,0,0,1,none,decay,358.92,561.08
2026-01-28T14:32:13.081681,4,5.7,0.78,93.52,455,1072,0.36,1531.67,2384.16,0.0,13,26,0,0,0,928,928,13,0,1,0,0,1,none,decay,359.86,560.14
2026-01-28T14:32:14.109876,4,3.3,0.76,95.94,364,705,0.36,1527.02,2388.8,0.0,13,26,0,0,0,928,928,13,0,1,0,0,1,none,decay,358.76,561.24
2026-01-28T14:32:15.281520,4,0.45,0.22,99.33,216,317,0.36,1526.47,2389.36,0.0,13,26,0,0,0,928,928,13,0,1,0,0,1,none,decay,358.63,561.37
2026-01-28T14:32:16.401301,4,0.23,0.0,99.77,208,408,0.34,1523.44,2392.38,0.0,13,24,0,0,0,0,0,13,0,1,0,0,1,none,decay,357.92,562.08
2026-01-28T14:32:17.702397,4,2.21,0.6,97.18,412,897,0.34,1523.44,2392.38,0.0,13,26,0,0,0,928,928,13,0,1,0,0,1,none,decay,357.92,562.08
2026-01-28T14:32:18.812717,4,2.2,0.73,97.07,485,1181,0.34,1513.81,2402.01,0.0,13,26,0,0,0,928,928,13,0,1,0,0,1,none,decay,355.66,564.34
2026-01-28T14:32:20.574443,4,2.04,0.44,97.52,388,856,0.34,1513.97,2401.86,0.0,13,24,0,0,0,928,928,13,0,1,0,0,1,none,decay,355.70,564.30
2026-01-28T14:32:22.629741,4,1.56,0.65,97.79,695,1287,0.31,1519.25,2396.57,0.0,13,26,0,0,0,1954,1954,13,0,1,0,0,1,none,decay,356.94,563.06
2026-01-28T14:32:24.351495,4,0.77,0.31,98.92,382,1178,0.31,1519.32,2396.5,0.0,13,26,0,0,0,928,928,13,0,1,0,0,1,none,decay,356.96,563.04
2026-01-28T14:32:25.374925,4,0.99,0.5,98.51,214,354,0.31,1519.32,2396.5,0.0,13,26,0,0,0,0,0,13,0,1,0,0,1,none,decay,356.96,563.04
2026-01-28T14:32:26.403374,4,1.28,0.51,98.21,236,518,0.28,1523.03,2392.79,0.0,13,26,0,0,0,928,928,13,0,1,0,0,1,none,decay,357.83,562.17
2026-01-28T14:32:27.432383,4,3.32,0.51,96.16,372,739,0.28,1527.52,2388.3,0.0,13,26,0,0,0,928,928,13,0,1,0,0,1,none,decay,358.88,561.12
2026-01-28T14:32:28.459787,4,1.05,0.79,98.16,252,750,0.28,1524.95,2390.88,0.0,13,26,0,0,0,1012,1012,13,0,1,0,0,1,none,decay,358.28,561.72
2026-01-28T14:32:29.480989,4,2.52,0.76,96.73,328,618,0.28,1524.93,2390.89,0.0,13,26,0,0,0,0,0,13,0,1,0,0,1,none,decay,358.27,561.73
2026-01-28T14:32:30.509795,4,1.04,0.52,98.44,392,707,0.28,1516.86,2398.96,0.0,13,26,0,0,0,928,928,13,0,1,0,0,1,none,decay,356.38,563.62
2026-01-28T14:32:31.544050,4,1.27,0.25,98.47,219,438,0.26,1521.0,2394.82,0.0,13,26,0,0,0,928,928,13,0,1,0,0,1,none,decay,357.35,562.65
2026-01-28T14:32:32.587018,4,0.25,0.5,99.25,166,203,0.26,1521.11,2394.72,0.0,13,25,0,0,0,824,824,13,0,2,0,0,1,none,decay,357.38,562.62
2026-01-28T14:32:33.695561,4,0.97,0.24,98.79,340,426,0.26,1513.64,2402.18,0.0,13,26,0,0,0,202,202,13,0,1,0,0,1,none,decay,355.62,564.38
2026-01-28T14:32:35.136323,4,1.99,0.54,97.47,396,807,0.26,1523.56,2392.27,0.0,13,26,0,0,0,928,928,13,0,1,0,0,1,none,decay,357.95,562.05
2026-01-28T14:32:36.755631,4,1.76,0.48,97.76,403,841,0.32,1512.38,2403.45,0.0,13,26,0,0,0,928,928,13,0,1,0,0,1,none,decay,355.32,564.68
2026-01-28T14:32:37.871949,4,4.02,0.71,95.27,378,819,0.32,1511.11,2404.71,0.0,13,26,0,0,0,928,928,13,0,1,0,0,1,none,decay,355.03,564.97
2026-01-28T14:32:38.892616,4,2.7,1.35,95.95,557,962,0.32,1506.05,2409.78,0.0,13,26,0,0,0,928,928,13,0,1,0,0,1,none,decay,353.84,566.16
2026-01-28T14:32:40.236870,4,0.38,0.0,99.62,149,405,0.32,1506.11,2409.72,0.0,12,24,0,0,0,0,0,12,0,1,0,0,1,none,decay,353.85,566.15
2026-01-28T14:32:42.229498,4,1.42,0.26,98.32,439,658,0.29,1515.37,2400.45,0.0,12,24,0,0,0,1035,928,12,0,1,0,0,1,none,decay,356.03,563.97
2026-01-28T14:32:43.321271,4,2.84,0.24,96.92,254,543,0.29,1517.09,2398.73,0.0,13,26,0,0,0,928,928,13,0,1,0,0,1,none,decay,356.43,563.57
2026-01-28T14:32:44.468392,4,3.61,0.72,95.66,614,1090,0.29,1511.09,2404.73,0.0,13,26,0,0,0,1026,1026,13,0,1,0,0,1,none,decay,355.02,564.98
2026-01-28T14:32:45.720493,4,0.43,0.21,99.36,313,437,0.29,1511.23,2404.6,0.0,13,26,0,0,0,928,928,13,0,1,0,0,1,none,decay,355.05,564.95
2026-01-28T14:32:46.966663,4,0.42,0.42,99.15,354,570,0.27,1518.37,2397.46,0.0,13,26,0,0,0,928,928,13,0,1,0,0,1,none,decay,356.73,563.27
2026-01-28T14:32:48.019747,4,1.77,0.25,97.98,334,622,0.27,1525.68,2390.14,0.0,13,26,0,0,0,928,928,13,0,1,0,0,1,none,decay,358.45,561.55
2026-01-28T14:32:49.097388,4,0.99,0.74,98.27,345,487,0.27,1521.17,2394.65,0.0,13,26,0,0,0,928,928,13,0,1,0,0,1,none,decay,357.39,562.61
2026-01-28T14:32:50.195741,4,3.41,0.73,95.85,424,1088,0.27,1513.51,2402.31,0.0,13,26,0,0,0,928,928,13,0,1,0,0,1,none,decay,355.59,564.41
2026-01-28T14:32:51.235218,4,1.29,0.26,98.46,248,727,0.25,1515.23,2400.59,0.0,13,26,0,0,0,928,928,13,0,1,0,0,1,none,decay,355.99,564.01
2026-01-28T14:32:52.316915,4,0.48,0.24,99.28,206,311,0.25,1515.23,2400.59,0.0,13,26,0,0,0,0,0,13,0,1,0,0,1,none,decay,355.99,564.01
2026-01-28T14:32:53.520791,4,0.44,0.22,99.35,294,493,0.25,1515.48,2400.34,0.0,13,26,0,0,0,928,928,13,0,1,0,0,1,none,decay,356.05,563.95
2026-01-28T14:32:54.548450,4,1.6,0.8,97.61,319,615,0.25,1515.61,2400.21,0.0,13,26,0,0,0,1026,1026,13,0,1,0,0,1,none,decay,356.08,563.92
2026-01-28T14:32:55.667392,4,0.23,0.47,99.3,184,388,0.25,1520.45,2395.37,0.0,13,26,0,0,0,0,0,13,0,1,0,0,1,none,decay,357.22,562.78
2026-01-28T14:32:56.919538,4,1.26,0.21,98.53,286,574,0.31,1505.32,2410.51,0.0,12,24,0,0,0,928,928,12,0,1,0,0,1,none,decay,353.67,566.33
2026-01-28T14:32:58.091978,4,2.01,0.67,97.32,320,624,0.31,1507.76,2408.06,0.0,13,24,0,0,0,928,928,13,0,1,0,0,1,none,decay,354.24,565.76
2026-01-28T14:32:59.806672,4,1.11,0.64,98.25,525,987,0.31,1524.99,2390.84,0.0,13,26,0,0,0,1898,1898,13,0,1,0,0,1,none,decay,358.29,561.71
2026-01-28T14:33:01.153265,4,0.58,0.97,98.44,544,871,0.36,1525.17,2390.66,0.0,13,26,0,0,0,928,928,13,0,1,0,0,1,none,decay,358.33,561.67
2026-01-28T14:33:02.176842,4,0.5,0.25,99.25,205,357,0.36,1524.39,2391.43,0.0,13,26,0,0,0,0,0,13,0,1,0,0,1,none,decay,358.15,561.85
2026-01-28T14:33:03.245151,4,0.75,0.0,99.25,211,442,0.36,1518.91,2396.91,0.0,13,26,0,0,0,928,928,13,0,1,0,0,1,none,decay,356.86,563.14
2026-01-28T14:33:04.278065,4,0.26,0.26,99.48,362,835,0.36,1526.11,2389.71,0.0,13,26,0,0,0,928,928,13,0,1,0,0,1,none,decay,358.55,561.45
2026-01-28T14:33:05.326726,4,0.24,0.0,99.76,174,225,0.36,1526.11,2389.71,0.0,13,26,0,0,0,0,0,13,0,1,0,0,1,none,decay,358.55,561.45
2026-01-28T14:33:06.352376,4,5.77,1.57,92.65,478,916,0.58,1515.53,2400.3,0.0,13,26,0,0,0,1026,1026,13,0,1,0,0,1,none,decay,356.06,563.94
2026-01-28T14:33:07.384871,4,3.52,0.75,95.73,315,756,0.58,1519.96,2395.86,0.0,13,26,0,0,0,928,928,13,0,1,0,0,1,none,decay,357.11,562.89
2026-01-28T14:33:08.412858,4,1.02,0.26,98.72,232,270,0.58,1526.95,2388.88,0.0,13,26,0,0,0,928,928,13,0,1,0,0,1,none,decay,358.75,561.25
2026-01-28T14:33:09.432810,4,1.01,0.25,98.74,199,275,0.58,1522.41,2393.41,0.0,13,26,0,0,0,0,0,13,0,1,0,0,1,none,decay,357.68,562.32
2026-01-28T14:33:10.494467,4,1.77,1.01,97.22,395,568,0.58,1528.14,2387.69,0.0,13,26,0,0,0,928,928,13,0,1,0,0,1,none,decay,359.03,560.97
2026-01-28T14:33:11.949381,4,2.79,0.74,96.46,604,1035,0.61,1525.66,2390.16,0.0,13,24,0,0,0,1856,1856,13,0,1,0,0,1,none,decay,358.45,561.55
2026-01-28T14:33:12.970706,4,0.0,0.0,100.0,162,496,0.61,1525.66,2390.16,0.0,13,26,0,0,0,0,0,13,0,1,0,0,1,none,decay,358.45,561.55
